ID,Name,V1,V2,V3,V4,V5,Energy,Might,Power,Card Type,Rarity,Domain,Tags,Ability,Image URL
ogn-001,Blazing Scorcher,,,,,,5,5,,Unit,Common,Fury,"Dragon, Noxus",[Accelerate] (You may pay 1 energy and 1 fury rune as an additional cost to have me enter ready.),https://cmsassets.rgpub.io/sanity/images/dsfx7636/game_data_live/15ed971e4029a92b362a81ccadf309fb81e40b81-744x1039.png
ogn-002,Brazen Buccaneer,,,,,,6,5,,Unit,Common,Fury,"Pirate, Bilgewater","As you play me, you may discard 1 as an additional cost. If you do, reduce my cost by 2 energy.",https://cmsassets.rgpub.io/sanity/images/dsfx7636/game_data_live/d481971f7560e7235e7d6934767da18daa019eff-744x1039.png
ogn-003,Chemtech Enforcer,,,,,,2,2,,Unit,Common,Fury,Zaun,"[Assault 2] (+2 might while I'm an attacker.) When you play me, discard 1.",https://cmsassets.rgpub.io/sanity/images/dsfx7636/game_data_live/19dcf211457d9c9c6e9ea0cd32af76c2c92a3160-744x1039.png
ogn-004,Cleave,,,,,,1,,,Spell,Common,Fury,,[Action] (Play on your turn or in showdowns.) Give a unit [Assault 3] this turn. (+3 might while it's an attacker.),https://cmsassets.rgpub.io/sanity/images/dsfx7636/game_data_live/95d476a1e88ff547fb846149619177bc7e3cea9f-744x1039.png
ogn-005,Disintegrate,,,,,,4,,,Spell,Common,Fury,,"[Action] (Play on your turn or in showdowns.) Deal 3 to a unit at a battlefield. If this kills it, draw 1.",https://cmsassets.rgpub.io/sanity/images/dsfx7636/game_data_live/a27374ac3a81f3dfefb43c3c3237c23b4883cb5a-744x1039.png
ogn-006,Flame Chompers,,,,,,3,3,,Unit,Common,Fury,Zaun,"When you discard me, you may pay 1 fury rune to play me.",https://cmsassets.rgpub.io/sanity/images/dsfx7636/game_data_live/1f6f5ebd18e5daac30d62626fddd785c4b457c2b-744x1039.png
ogn-007,Fury Rune,,,,,,,,,,Common,Fury,,,
ogn-007a,Fury Rune,,,,,,,,,Rune,Alternate Art,Fury,,,https://cmsassets.rgpub.io/sanity/images/dsfx7636/game_data_live/09da06c69d07d4e72dde703737ef167472c715af-1488x2078.png
ogn-008,Get Excited!,,,,,,2,,1,Spell,Common,Fury,,[Action] (Play on your turn or in showdowns.) Discard 1. Deal its Energy cost as damage to a unit at a battlefield. (Ignore its Power cost.),https://cmsassets.rgpub.io/sanity/images/dsfx7636/game_data_live/2906c932c482af17fbb2979a8c42a6992f95d6a6-744x1039.png
ogn-009,Hextech Ray,,,,,,1,,1,Spell,Common,Fury,,[Action] (Play on your turn or in showdowns.) Deal 3 to a unit at a battlefield.,https://cmsassets.rgpub.io/sanity/images/dsfx7636/game_data_live/1e7d12693822c38377ddc8f15db23e2f9b6d560a-744x1039.png
ogn-010,Legion Rearguard,,,,,,2,2,,Unit,Common,Fury,"Trifarian, Noxus",[Accelerate] (You may pay 1 energy and 1 fury rune as an additional cost to have me enter ready.),https://cmsassets.rgpub.io/sanity/images/dsfx7636/game_data_live/aedece01c7792c689050460db1670e6b9b15b61f-744x1039.png
ogn-011,Magma Wurm,,,,,,8,8,1,Unit,Common,Fury,Freljord,Other friendly units enter ready.,https://cmsassets.rgpub.io/sanity/images/dsfx7636/game_data_live/f6565b15f65f538804e6a56623c8aa2eedeffc22-744x1039.png
ogn-012,Noxus Hopeful,,,,,,4,4,,Unit,Common,Fury,"Trifarian, Noxus",[Legion] — I cost 2 energy less._ (Get the effect if you've played another card this turn.)_,https://cmsassets.rgpub.io/sanity/images/dsfx7636/game_data_live/c3bb6f4cb58feeb50e396d12ec9865c5434025af-744x1039.png
ogn-013,Pouty Poro,,,,,,2,2,,Unit,Common,Fury,Poro,[Deflect] (Opponents must pay 1 rune of any type to choose me with a spell or ability.),https://cmsassets.rgpub.io/sanity/images/dsfx7636/game_data_live/d541bf3bcb5aa3ad0d48d87f5753569b72ac426f-744x1039.png
ogn-014,Sky Splitter,,,,,,8,,1,Spell,Common,Fury,,[Action] (Play on your turn or in showdowns.) This spell's Energy cost is reduced by the highest Might among units you control. Deal 5 to a unit at a battlefield.,https://cmsassets.rgpub.io/sanity/images/dsfx7636/game_data_live/01faae468720dd5bf5e3fe12ba56c01af70263be-744x1039.png
ogn-015,Captain Farron,,,,,,4,5,1,Unit,Uncommon,Fury,"Trifarian, Noxus",Other friendly units here have [Assault]. (+1 might while they're attackers.),https://cmsassets.rgpub.io/sanity/images/dsfx7636/game_data_live/4c65e2cae6748590f589ad8b26bc5a20c0d770c2-744x1039.png
ogn-016,Dangerous Duo,,,,,,3,3,,Unit,Uncommon,Fury,"Mech, Bandle City","[Legion] — When you play me, give a unit +2 might this turn. (Get the effect if you've played another card this turn.)",https://cmsassets.rgpub.io/sanity/images/dsfx7636/game_data_live/3c02ea9e438d407c739276b788e015ac93843651-744x1039.png
ogn-017,Iron Ballista,,,,,,3,,,Gear,Uncommon,Fury,,This enters exhausted. exhaust: Deal 2 to a unit at a battlefield.,https://cmsassets.rgpub.io/sanity/images/dsfx7636/game_data_live/9b5cfe757b6067994e17e284eba46433880a1461-744x1039.png
ogn-018,Noxus Saboteur,,,,,,3,3,,Unit,Uncommon,Fury,"Trifarian, Noxus",Your opponents' [Hidden] cards can't be revealed here.,https://cmsassets.rgpub.io/sanity/images/dsfx7636/game_data_live/b78f0c822cb984db24ac3f1956cc8c10f8f88b22-744x1039.png
ogn-019,Raging Soul,,,,,,4,4,,Unit,Uncommon,Fury,"Spirit, Shadow Isles","If you've discarded a card this turn, I have [Assault] and [Ganking]. (+1 might while I'm an attacker. I can move from battlefield to battlefield.)",https://cmsassets.rgpub.io/sanity/images/dsfx7636/game_data_live/037647d0decc94ff4a5d53b11cf36afe9d849533-744x1039.png
ogn-020,Scrapyard Champion,,,,,,5,5,1,Unit,Uncommon,Fury,"Mech, Bandle City","[Legion] — When you play me, discard 2, then draw 2. (Get the effect if you've played another card this turn.)",https://cmsassets.rgpub.io/sanity/images/dsfx7636/game_data_live/10f096d2b469fd73329386e5efe88c9bec667d7c-744x1039.png
ogn-021,Sun Disc,,,,,,2,,1,Gear,Uncommon,Fury,,exhaust: [Legion] — The next unit you play this turn enters ready. (Get the effect if you've played another card this turn.),https://cmsassets.rgpub.io/sanity/images/dsfx7636/game_data_live/146d7514f15e6674f471f3aa9c3fadf22c0b634b-744x1039.png
ogn-022,Thermo Beam,,,,,,5,,2,Spell,Uncommon,Fury,,[Action] (Play on your turn or in showdowns.) Kill all gear.,https://cmsassets.rgpub.io/sanity/images/dsfx7636/game_data_live/88661e852b864491e6d7f5f087caf4263f61c361-744x1039.png
ogn-023,Unlicensed Armory,,,,,,2,,,Gear,Uncommon,Fury,,"Discard 1, exhaust: Choose a friendly unit. The next time it dies this turn, you may pay 1 fury rune to recall it exhausted instead. (Send it to base. This isn't a move.)",https://cmsassets.rgpub.io/sanity/images/dsfx7636/game_data_live/1a80bedd893d9024fc90f108da36b4fd1d496ad6-744x1039.png
ogn-024,Void Seeker,,,,,,3,,1,Spell,Uncommon,Fury,,[Action] (Play on your turn or in showdowns.) Deal 4 to a unit at a battlefield. Draw 1.,https://cmsassets.rgpub.io/sanity/images/dsfx7636/game_data_live/5b64b63c6be58ff3c33c7fb3c2dcb168d64e287e-744x1039.png
ogn-025,Blind Fury,,,,,,4,,2,Spell,Rare,Fury,,"[Action] (Play on your turn or in showdowns.) Each opponent reveals the top card of their Main Deck. Choose one and play it, ignoring its cost. Then recycle the rest.",https://cmsassets.rgpub.io/sanity/images/dsfx7636/game_data_live/d74ba4998df9348408f1400090a0b0737c675fbd-744x1039.png
ogn-026,Brynhir Thundersong,,,,,,6,5,,Unit,Rare,Fury,Freljord,"When you play me, opponents can't play cards this turn.",https://cmsassets.rgpub.io/sanity/images/dsfx7636/game_data_live/44e805aa0f2928acf1156eef692403df319b333a-744x1039.png
ogn-027,Darius - Trifarian,,,,,,,,,,Rare,Fury,,,
ogn-027a,"Darius, Trifarian",,,,,,5,5,1,Unit,Alternate Art,Fury,"Trifarian, Darius, Noxus","When you play your second card in a turn, give me +2 might this turn and ready me.",https://cmsassets.rgpub.io/sanity/images/dsfx7636/game_data_live/df878ecc25160bb7e53b254a609ec243e133e8f1-744x1039.png
ogn-028,Draven - Showboat,,,,,,5,3,1,Unit,Rare,Fury,"Draven, Noxus",My Might is increased by your points.,https://cmsassets.rgpub.io/sanity/images/dsfx7636/game_data_live/7600d6cea66e8146ea2202f72cb9035cb44608a3-744x1039.png
ogn-029,Falling Star,,,,,,2,,2,Spell,Rare,Fury,,Do this twice: Deal 3 to a unit. (You can choose different units.),https://cmsassets.rgpub.io/sanity/images/dsfx7636/game_data_live/9cf2d2e59e1bf839cdf5c2a77e95f5d1e871788f-744x1039.png
ogn-030,Jinx - Demolitionist,,,,,,,,,,Rare,Fury,,,
ogn-030a,Jinx - Demolitionist,,,,,,3,4,1,Unit,Alternate Art,Fury,"Jinx, Zaun","[Accelerate] (You may pay 1 energy and 1 fury rune as an additional cost to have me enter ready.) [Assault 2] (+2 might while I'm an attacker.) When you play me, discard 2.",https://cmsassets.rgpub.io/sanity/images/dsfx7636/game_data_live/60ff1aec7ecb1b11ff89fdb620c6182897a8b402-744x1039.png
ogn-031,Raging Firebrand,,,,,,6,4,1,Unit,Rare,Fury,"Dragon, Mount Targon","When you play me, the next spell you play this turn costs 5 energy less.",https://cmsassets.rgpub.io/sanity/images/dsfx7636/game_data_live/9566fc064c098bd7f3540f3074dc6353c7ca5663-744x1039.png
ogn-032,Ravenborn Tome,,,,,,3,,,Gear,Rare,Fury,,exhaust: The next spell you play deals 1 Bonus Damage. (Each instance of damage the spell deals is increased by 1.),https://cmsassets.rgpub.io/sanity/images/dsfx7636/game_data_live/81f968126026635e5b9a2fa1048fc979fcd13a1d-744x1039.png
ogn-033,Shakedown,,,,,,2,,1,Spell,Rare,Fury,,"[Reaction] (Play any time, even before spells and abilities resolve.) Choose an enemy unit. Deal 6 to it unless its controller has you draw 2.",https://cmsassets.rgpub.io/sanity/images/dsfx7636/game_data_live/ab71d92c94bf609e2fa6efc8fec06fe1e8b10108-744x1039.png
ogn-034,Tryndamere - Barbarian,,,,,,7,8,2,Unit,Rare,Fury,"Tryndamere, Freljord","When I conquer after an attack, if you assigned 5 or more excess damage to enemy units, you score 1 point.",https://cmsassets.rgpub.io/sanity/images/dsfx7636/game_data_live/124c93495c927be1baea03fdacf6c7b283cf8b6c-744x1039.png
ogn-035,Vayne - Hunter,,,,,,,,,,Rare,Fury,,,
ogn-036,Vi - Destructive,,,,,,2,3,1,Unit,Rare,Fury,"Vi, Piltover",[Ganking] (I can move from battlefield to battlefield.) Recycle 1 from your trash: Give me +1 might this turn.,https://cmsassets.rgpub.io/sanity/images/dsfx7636/game_data_live/7ab52254ac49b8853fc7ae65b03aaee3f8c5994a-744x1039.png
ogn-037,Immortal Phoenix,,,,,,3,3,1,Unit,Epic,Fury,Spirit,"[Assault 2] (+2 might while I'm an attacker.) When you kill a unit with a spell, you may pay 1 energy and 1 fury rune to play me from your trash.",https://cmsassets.rgpub.io/sanity/images/dsfx7636/game_data_live/7b623ae985bf5f362b6d8d4a17e9b8146aeae3c3-744x1039.png
ogn-038,Kadregrin the Infernal,,,,,,9,9,2,Unit,Epic,Fury,"Dragon, Demacia","When you play me, draw 1 for each of your [Mighty] units. (A unit is Mighty while it has 5+ might.)",https://cmsassets.rgpub.io/sanity/images/dsfx7636/game_data_live/733c32b1fccc7e2983cbb3586358152f90a6df04-744x1039.png
ogn-039,Kai'Sa - Survivor,,,,,,,,,,Epic,Fury,,,
ogn-039a,Kai'Sa - Survivor,,,,,,4,4,,Unit,Alternate Art,Fury,"Kai'Sa, The Void","[Accelerate] (You may pay 1 energy and 1 fury rune as an additional cost to have me enter ready.) When I conquer, draw 1.",https://cmsassets.rgpub.io/sanity/images/dsfx7636/game_data_live/ad69bde670ce218adee1d2a618a7295d2fb7bd4c-744x1039.png
ogn-040,Seal of Rage,,,,,,,,,,Epic,Fury,,,
ogn-041,Volibear - Furious,,,,,,,,,,Epic,Fury,,,
ogn-041a,Volibear - Furious,,,,,,10,9,2,Unit,Alternate Art,Fury,"Volibear, Freljord","[Deflect 2] (Opponents must pay 2 runes of any type to choose me with a spell or ability.) When I attack, deal 5 damage split among any number of enemy units here.",https://cmsassets.rgpub.io/sanity/images/dsfx7636/game_data_live/744d1b950ae7ef1e6e5b244538a6afb9802e5e3d-744x1039.png
ogn-042,Calm Rune,,,,,,,,,,Common,Calm,,,
ogn-042a,Calm Rune,,,,,,,,,Rune,Alternate Art,Calm,,,https://cmsassets.rgpub.io/sanity/images/dsfx7636/game_data_live/88187b586b9b3cc2f48fd20c806dd5fc5e1bfc71-1488x2078.png
ogn-043,Charm,,,,,,1,,1,Spell,Common,Calm,,Move an enemy unit.,https://cmsassets.rgpub.io/sanity/images/dsfx7636/game_data_live/62ae564505db8fcba70605eac2083ac2d4397b5a-744x1039.png
ogn-044,Clockwork Keeper,,,,,,2,2,,Unit,Common,Calm,Shurima,"As you play me, you may pay 1 calm rune as an additional cost. If you do, draw 1.",https://cmsassets.rgpub.io/sanity/images/dsfx7636/game_data_live/417e606418349bb25d4b07d460fa043ad85f2778-744x1039.png
ogn-045,Defy,,,,,,1,,1,Spell,Common,Calm,,"[Reaction] (Play any time, even before spells and abilities resolve.) Counter a spell that costs no more than 4 energy and no more than 1 rune of any type.",https://cmsassets.rgpub.io/sanity/images/dsfx7636/game_data_live/4989bfcc4bd7be77051f0c2c349a981ba9c273e0-744x1039.png
ogn-046,En Garde,,,,,,1,,,Spell,Common,Calm,,"[Reaction] (Play any time, even before spells and abilities resolve.) Give a friendly unit +1 might this turn, then an additional +1 might this turn if it is the only unit you control there.",https://cmsassets.rgpub.io/sanity/images/dsfx7636/game_data_live/03c0ec7eaa5957a62869dad2a0ce40913fc874a9-744x1039.png
ogn-047,Find Your Center,,,,,,3,,,Spell,Common,Calm,,"[Action] (Play on your turn or in showdowns.) If an opponent's score is within 3 points of the Victory Score, this costs 2 energy less. Draw 1 and channel 1 rune exhausted.",https://cmsassets.rgpub.io/sanity/images/dsfx7636/game_data_live/cd9d798b496fdce133c5b0106d636a230b6e7ebe-744x1039.png
ogn-048,Meditation,,,,,,2,,,Spell,Common,Calm,,"[Reaction] (Play any time, even before spells and abilities resolve.) As an additional cost to play this, you may exhaust a friendly unit. If you do, draw 2. Otherwise, draw 1.",https://cmsassets.rgpub.io/sanity/images/dsfx7636/game_data_live/7103336ab0d7f7bebdaa4155e4258d8d9beb06de-744x1039.png
ogn-049,Playful Phantom,,,,,,5,5,,Unit,Common,Calm,"Spirit, Shadow Isles",,https://cmsassets.rgpub.io/sanity/images/dsfx7636/game_data_live/3171ef8c7968b0dfe088725b9721b19d175bdb1e-744x1039.png
ogn-050,Rune Prison,,,,,,2,,1,Spell,Common,Calm,,[Action] (Play on your turn or in showdowns.) Stun a unit._ (It doesn't deal combat damage this turn.)_,https://cmsassets.rgpub.io/sanity/images/dsfx7636/game_data_live/21867baeaced3c22cda5f40f6b6c9a8dad4b7042-744x1039.png
ogn-051,Solari Shieldbearer,,,,,,3,2,,Unit,Common,Calm,Mount Targon,"When you play me, stun a unit. (It doesn't deal combat damage this turn.)",https://cmsassets.rgpub.io/sanity/images/dsfx7636/game_data_live/9387ea6480c9fd6991760b07a178c07a5fcf1c57-744x1039.png
ogn-052,Stalwart Poro,,,,,,2,2,,Unit,Common,Calm,Poro,[Shield] (+1 might while I'm a defender.),https://cmsassets.rgpub.io/sanity/images/dsfx7636/game_data_live/c4a5d7178e783c3975749271b6df333a82a2328a-744x1039.png
ogn-053,Stand United,,,,,,3,,,Spell,Common,Calm,,"[Hidden] (Hide now for 1 rune of any type to react with later for 0 energy.)
ogn-054,Sunlit Guardian,,,,,,3,3,,Unit,Common,Calm,Shurima,[Shield] (+1 might while I'm a defender.) [Tank] (I must be assigned combat damage first.),https://cmsassets.rgpub.io/sanity/images/dsfx7636/game_data_live/28bce7a662b9008f65565300f828d98790a641e1-744x1039.png
ogn-055,Wielder of Water,,,,,,3,2,,Unit,Common,Calm,Ionia,While I'm attacking or defending alone"," I have +2 might."""
ogn-054,Sunlit Guardian,,,,,,,,,,Common,Calm,,,https://cardtrader.com/uploads/blueprints/image/345232/preview_sunlit-guardian-origins.jpg
ogn-055,Wielder of Water,,,,,,,,,,Common,Calm,,,https://cardtrader.com/uploads/blueprints/image/345233/preview_wielder-of-water-origins.jpg
ogn-056,Adaptatron,,,,,,4,3,,Unit,Uncommon,Calm,"Mech, Piltover","When I conquer, you may kill a gear. If you do, buff me. (If I don't have a buff, I get a +1 might buff.)",https://cmsassets.rgpub.io/sanity/images/dsfx7636/game_data_live/a3ddb00a2a872eaceb96469739531414aa27455d-744x1039.png
ogn-057,Block,,,,,,2,,,Spell,Uncommon,Calm,,"[Hidden] (Hide now for 1 rune of any type to react with later for 0 energy.)
ogn-058,Discipline,,,,,,2,,,Spell,Uncommon,Calm,,[Reaction] (Play any time"," even before spells and abilities resolve.) Give a unit +2 might this turn. Draw 1."""
ogn-058,Discipline,,,,,,,,,,Uncommon,Calm,,,https://cardtrader.com/uploads/blueprints/image/345236/preview_discipline-origins.jpg
ogn-059,Eclipse Herald,,,,,,7,7,1,Unit,Uncommon,Calm,"Bird, Mount Targon","When you stun an enemy unit, ready me and give me +1 might this turn.",https://cmsassets.rgpub.io/sanity/images/dsfx7636/game_data_live/bbe4fec278b8960681f97da658dc2f06ee46c4bd-744x1039.png
ogn-060,Mask of Foresight,,,,,,2,,,Gear,Uncommon,Calm,,"When a friendly unit attacks or defends alone, give it +1 might this turn.",https://cmsassets.rgpub.io/sanity/images/dsfx7636/game_data_live/03824709acbb4151d13b083a842c4702a3e61221-744x1039.png
ogn-061,Poro Herder,,,,,,3,3,1,Unit,Uncommon,Calm,Freljord,"When you play me, if you control a Poro, buff me and draw 1. (If I don't have a buff, I get a +1 might buff.)",https://cmsassets.rgpub.io/sanity/images/dsfx7636/game_data_live/166b718a8517fcceac7e7d4f6acbc4fa0bbc2c55-744x1039.png
ogn-062,Reinforce,,,,,,5,,,Spell,Uncommon,Calm,,Look at the top 5 cards of your Main Deck. You may play a unit from among them. Its Energy cost is reduced by 5 energy. Then recycle the remaining cards.,https://cmsassets.rgpub.io/sanity/images/dsfx7636/game_data_live/5bb4ce960c7636dac103c560a2e2f4e32f9d5390-744x1039.png
ogn-063,Spirit's Refuge,,,,,,2,,1,Gear,Uncommon,Calm,,"When you play this, buff a friendly unit. (If it doesn't have a buff, it gets a +1 might buff.)
ogn-064,Wind Wall,,,,,,3,,2,Spell,Uncommon,Calm,,[Reaction] (Play any time"," even before spells and abilities resolve.) Counter a spell."""
ogn-064,Wind Wall,,,,,,,,,,Uncommon,Calm,,,https://cardtrader.com/uploads/blueprints/image/345242/preview_wind-wall-origins.jpg
ogn-065,Wizened Elder,,,,,,4,4,,Unit,Uncommon,Calm,Ionia,"While I'm buffed, I have an additional +1 might.",https://cmsassets.rgpub.io/sanity/images/dsfx7636/game_data_live/7b98797789ad7e3a6cf52126b82a42ec6f269bb7-744x1039.png
ogn-066,Ahri - Alluring,,,,,,,,,,Rare,Calm,,,
ogn-066a,Ahri - Alluring,,,,,,5,4,1,Unit,Alternate Art,Calm,"Ahri, Ionia","When I hold, you score 1 point.",https://cmsassets.rgpub.io/sanity/images/dsfx7636/game_data_live/933f5d58cc0e27d017982306b9ae0f581c9c8d27-744x1039.png
ogn-067,Blitzcrank - Impassive,,,,,,5,5,1,Unit,Rare,Calm,"Mech, Blitzcrank, Zaun","[Tank] (I must be assigned combat damage first.) When you play me to a battlefield, you may move an enemy unit to here. When I hold, return me to my owner's hand.",https://cmsassets.rgpub.io/sanity/images/dsfx7636/game_data_live/654dcc4aef0a0b5a0c6e928d7aae397a52c3ab17-744x1039.png
ogn-068,Caitlyn - Patrolling,,,,,,3,3,1,Unit,Rare,Calm,"Caitlyn, Piltover",I must be assigned combat damage last. exhaust: Deal damage equal to my Might to a unit at a battlefield. Use this ability only while I'm at a battlefield.,https://cmsassets.rgpub.io/sanity/images/dsfx7636/game_data_live/51e6bacf25d19e7c391367ff107efb9e0b9f1ff5-744x1039.png
ogn-069,Last Stand,,,,,,3,,1,Spell,Rare,Calm,,"[Action] (Play on your turn or in showdowns.) Double a friendly unit's Might this turn. Give it [Temporary]. (Kill it at the start of its controller's Beginning Phase, before scoring.)",https://cmsassets.rgpub.io/sanity/images/dsfx7636/game_data_live/9062d372d299c5c6a0c679f0ff07ba71590ca5f1-744x1039.png
ogn-070,Mageseeker Warden,,,,,,6,5,1,Unit,Rare,Calm,Demacia,"While I'm at a battlefield, opponents can only play units to their base. While I'm at a battlefield, spells and abilities can't ready enemy units and gear.",https://cmsassets.rgpub.io/sanity/images/dsfx7636/game_data_live/ae844b929f817cdf76fe40c7bf5d5fc02062bdac-744x1039.png
ogn-071,Party Favors,,,,,,3,,,Spell,Rare,Calm,,"Each other player chooses Cards or Runes. For each player that chooses Cards, you and that player each draw 1.
ogn-072,Solari Shrine,,,,,,3,,,Gear,Rare,Calm,,When you kill a stunned enemy unit"," you may exhaust this to draw 1."""
ogn-072,Solari Shrine,,,,,,,,,,Rare,Calm,,,https://cardtrader.com/uploads/blueprints/image/345251/preview_solari-shrine-origins.jpg
ogn-073,Sona - Harmonious,,,,,,4,4,1,Unit,Rare,Calm,"Sona, Demacia","While I'm at a battlefield, ready 4 friendly runes at the end of your turn.",https://cmsassets.rgpub.io/sanity/images/dsfx7636/game_data_live/8582f6430821fb912fcb3619c5ce9405f254cb2f-744x1039.png
ogn-074,Taric - Protector,,,,,,4,4,1,Unit,Rare,Calm,"Taric, Mount Targon",[Shield] (+1 might while I'm a defender.) [Tank] (I must be assigned combat damage first.) Other friendly units here have [Shield].,https://cmsassets.rgpub.io/sanity/images/dsfx7636/game_data_live/7d08e3f64401cb87b8a0564a1cbe6fc94aee03a7-744x1039.png
ogn-075,Tasty Faefolk,,,,,,7,6,,Unit,Rare,Calm,"Fae, Bandle City","[Accelerate] (You may pay 1 energy and 1 calm rune as an additional cost to have me enter ready.)
ogn-076,Yasuo"," Remorseful"""
ogn-076,Yasuo - Remorseful,,,,,,,,,,Rare,Calm,,,
ogn-076a,Yasuo - Remorseful,,,,,,6,6,2,Unit,Alternate Art,Calm,"Yasuo, Ionia","When I attack, deal damage equal to my Might to an enemy unit here.",https://cmsassets.rgpub.io/sanity/images/dsfx7636/game_data_live/3f2cff3ff3b146c8bfe11594e37e9d8109884273-744x1039.png
ogn-077,Zhonya's Hourglass,,,,,,2,,,Gear,Rare,Calm,,"[Hidden] (Hide now for 1 rune of any type to react with later for 0 energy.) The next time a friendly unit would die, kill this instead. Recall that unit exhausted. (Send it to base. This isn't a move.)",https://cmsassets.rgpub.io/sanity/images/dsfx7636/game_data_live/dc38172c56f838b407fc9f170ba973da32d7cd4d-744x1039.png
ogn-078,Lee Sin - Ascetic,,,,,,,,,,Epic,Calm,,,
ogn-078a,Lee Sin - Ascetic,,,,,,5,5,1,Unit,Alternate Art,Calm,"Lee Sin, Ionia",[Shield]_ (+1 might while I'm a defender.)_ exhaust: Buff me. (I get a +1 might buff.) I can have any number of buffs.,https://cmsassets.rgpub.io/sanity/images/dsfx7636/game_data_live/d34a98faacd3f7d32afd6fad99c806f202aa9dad-744x1039.png
ogn-079,Leona - Zealot,,,,,,,,,,Epic,Calm,,,
ogn-079a,Leona - Zealot,,,,,,6,6,1,Unit,Alternate Art,Calm,"Leona, Mount Targon","If an opponent's score is within 3 points of the Victory Score, I enter ready. Stunned enemy units here have -8 might, to a minimum of 1 might.",https://cmsassets.rgpub.io/sanity/images/dsfx7636/game_data_live/451caa433b1fbe8e9d2b86548b82c3c5f2bac620-744x1039.png
ogn-080,Mystic Reversal,,,,,,4,,3,Spell,Epic,Calm,,"[Reaction] (Play any time, even before spells and abilities resolve.) Gain control of a spell. You may make new choices for it.",https://cmsassets.rgpub.io/sanity/images/dsfx7636/game_data_live/298fe91f9d76086b7d77880e11016ed46389b61b-744x1039.png
ogn-081,Seal of Focus,,,,,,,,,,Epic,Calm,,,
ogn-082,Whiteflame Protector,,,,,,8,8,2,Unit,Epic,Calm,"Dragon, Mount Targon","When you play me, give a unit +8 might this turn.",https://cmsassets.rgpub.io/sanity/images/dsfx7636/game_data_live/a5cdd793736f915fa1b4ea388af66de7b2bc00cb-744x1039.png
ogn-083,Consult the Past,,,,,,4,,,Spell,Common,Mind,,"[Hidden] (Hide now for 1 rune of any type to react with later for 0 energy.)
ogn-084,Eager Apprentice,,,,,,3,3,,Unit,Common,Mind,Piltover,While I'm at a battlefield", the Energy costs for spells you play is reduced by 1 energy
ogn-084,Eager Apprentice,,,,,,,,,,Common,Mind,,,https://cardtrader.com/uploads/blueprints/image/345266/preview_eager-apprentice-origins.jpg
ogn-085,Falling Comet,,,,,,5,,,Spell,Common,Mind,,[Action] (Play on your turn or in showdowns.) Deal 6 to a unit at a battlefield.,https://cmsassets.rgpub.io/sanity/images/dsfx7636/game_data_live/eaaf300a07d5b2927fe9a601d70f2a01b512cc7e-744x1039.png
ogn-086,Jeweled Colossus,,,,,,5,5,,Unit,Common,Mind,Mount Targon,"[Vision] (When you play me, look at the top card of your Main Deck. You may recycle it.)
ogn-087,Lecturing Yordle,,,,,,3,2,,Unit,Common,Mind,Yordle"," Bandle City"""
ogn-087,Lecturing Yordle,,,,,,,,,,Common,Mind,,,https://cardtrader.com/uploads/blueprints/image/345269/preview_lecturing-yordle-origins.jpg
ogn-088,Mega-Mech,,,,,,7,8,,Unit,Common,Mind,"Mech, Bandle City",,https://cmsassets.rgpub.io/sanity/images/dsfx7636/game_data_live/f71db7b62798a2a10a1ab0d293c26ac9dd163c6a-744x1039.png
ogn-089,Mind Rune,,,,,,,,,,Common,Mind,,,
ogn-089a,Mind Rune,,,,,,,,,Rune,Alternate Art,Mind,,,https://cmsassets.rgpub.io/sanity/images/dsfx7636/game_data_live/ecf8c8632c728520b51cd4bc79036677e96ebdfd-1488x2078.png
ogn-090,Orb of Regret,,,,,,1,,,Gear,Common,Mind,,"exhaust: Give a unit -1 might this turn, to a minimum of 1 might.",https://cmsassets.rgpub.io/sanity/images/dsfx7636/game_data_live/fd883b646d1a3cdb1a03b0c19dc62c92ca552f4f-744x1039.png
ogn-091,Pit Crew,,,,,,3,3,,Unit,Common,Mind,Bandle City,"When you play a gear, ready me.",https://cmsassets.rgpub.io/sanity/images/dsfx7636/game_data_live/8023223b55adc44bafe1f8c5f305d3dde6f6d114-744x1039.png
ogn-092,Riptide Rex,,,,,,6,6,2,Unit,Common,Mind,"Pirate, Bilgewater","When you play me, deal 6 to an enemy unit at a battlefield.",https://cmsassets.rgpub.io/sanity/images/dsfx7636/game_data_live/e09bf1fb6d72da31d415ea31ae7413fe7f02d650-744x1039.png
ogn-093,Smoke Screen,,,,,,2,,1,Spell,Common,Mind,,"[Reaction] (Play any time, even before spells and abilities resolve.) Give a unit -4 might this turn, to a minimum of 1 might.",https://cmsassets.rgpub.io/sanity/images/dsfx7636/game_data_live/06c34457afd09b828ee0b2862ed51eb31004d888-744x1039.png
ogn-094,Sprite Call,,,,,,3,,,Spell,Common,Mind,,"[Hidden] (Hide now for 1 rune of any type to react with later for 0 energy.)
ogn-095,Stupefy,,,,,,1,,,Spell,Common,Mind,,[Reaction] (Play any time", even before spells and abilities resolve.) Give a unit -1 might this turn
ogn-095,Stupefy,,,,,,,,,,Common,Mind,,,https://cardtrader.com/uploads/blueprints/image/345278/preview_stupefy-origins.jpg
ogn-096,Watchful Sentry,,,,,,2,1,,Unit,Common,Mind,Freljord,"[Deathknell] — Draw 1. (When I die, get the effect.)",https://cmsassets.rgpub.io/sanity/images/dsfx7636/game_data_live/d84da2c62b1e218a0a74b227c49ce8a953918ebd-744x1039.png
ogn-097,Blastcone Fae,,,,,,2,2,1,Unit,Uncommon,Mind,"Fae, Bandle City","[Hidden] (Hide now for 1 rune of any type to react with later for 0 energy.) When you play me, give a unit -2 might this turn, to a minimum of 1 might.",https://cmsassets.rgpub.io/sanity/images/dsfx7636/game_data_live/fac53b2216490c99ad7ce11dc5e663a692d6c104-744x1039.png
ogn-098,Energy Conduit,,,,,,3,,,Gear,Uncommon,Mind,,exhaust: [Reaction] — [Add] 1 energy. (Abilities that add resources can't be reacted to.),https://cmsassets.rgpub.io/sanity/images/dsfx7636/game_data_live/f0e0a67e9e9b1d45d12d248df78b4e643b70bdc1-744x1039.png
ogn-099,Garbage Grabber,,,,,,2,,,Gear,Uncommon,Mind,,"Recycle 3 from your trash, 1 energy, exhaust: Draw 1.",https://cmsassets.rgpub.io/sanity/images/dsfx7636/game_data_live/199f21237aeee2582904463a15ec62ce29452c10-744x1039.png
ogn-100,Gemcraft Seer,,,,,,3,3,1,Unit,Uncommon,Mind,Mount Targon,"[Vision] (When you play me, look at the top card of your Main Deck. You may recycle it.) Other friendly units have [Vision].",https://cmsassets.rgpub.io/sanity/images/dsfx7636/game_data_live/4b6965bd592a5f602ab932094d677b6c85b2372b-744x1039.png
ogn-101,Mushroom Pouch,,,,,,2,,,Gear,Uncommon,Mind,,"At the start of your Beginning Phase, if you control a facedown card at a battlefield, draw 1.",https://cmsassets.rgpub.io/sanity/images/dsfx7636/game_data_live/ef5b3125fda91c0d0a02b7e6dfb7d3d5bafa8bd0-744x1039.png
ogn-102,Portal Rescue,,,,,,3,,1,Spell,Uncommon,Mind,,"[Action] (Play on your turn or in showdowns.) Banish a friendly unit, then its owner plays it to their base, ignoring its cost.",https://cmsassets.rgpub.io/sanity/images/dsfx7636/game_data_live/bafb4c68fa9a3eb71fecd0cdffb9e20b9f68d532-744x1039.png
ogn-103,Ravenbloom Student,,,,,,2,2,,Unit,Uncommon,Mind,Noxus,"When you play a spell, give me +1 might this turn.",https://cmsassets.rgpub.io/sanity/images/dsfx7636/game_data_live/b98b1ff793b6eb263957258742cc83d50fda6537-744x1039.png
ogn-104,Retreat,,,,,,1,,,Spell,Uncommon,Mind,,"[Reaction] (Play any time, even before spells and abilities resolve.) Return a friendly unit to its owner's hand. Its owner channels 1 rune exhausted.",https://cmsassets.rgpub.io/sanity/images/dsfx7636/game_data_live/71ecf6c06d3110a81ac0f01c726c06921f479a13-744x1039.png
ogn-105,Singularity,,,,,,6,,2,Spell,Uncommon,Mind,,Deal 6 to each of up to two units.,https://cmsassets.rgpub.io/sanity/images/dsfx7636/game_data_live/792edce1a64d4a92740aa3fa240e21e161513944-744x1039.png
ogn-106,Sprite Mother,,,,,,4,3,1,Unit,Uncommon,Mind,Fae,"When you play me, play a ready 3 might Sprite unit token with [Temporary] here. (Kill it at the start of its controller's Beginning Phase, before scoring.)",https://cmsassets.rgpub.io/sanity/images/dsfx7636/game_data_live/65c06528f88de1ac207b382d4830ccfdd08a2d12-744x1039.png
ogn-107,Ava Achiever,,,,,,5,4,,Unit,Rare,Mind,Yordle,"When I attack, you may pay 1 mind rune to play a card with [Hidden] from your hand here, ignoring its cost.",https://cmsassets.rgpub.io/sanity/images/dsfx7636/game_data_live/93e91aa99eb09baa68dd95b0013a89d9ffde5240-744x1039.png
ogn-108,Convergent Mutation,,,,,,2,,1,Spell,Rare,Mind,,"[Reaction] (Play any time, even before spells and abilities resolve.) Choose a friendly unit. If its Might is less than another friendly unit's, its Might becomes the Might of that friendly unit this turn.",https://cmsassets.rgpub.io/sanity/images/dsfx7636/game_data_live/61d414fc67ff52b9082e282e628dd0916afd8454-744x1039.png
ogn-109,Dr. Mundo - Expert,,,,,,8,6,2,Unit,Rare,Mind,"Dr. Mundo, Zaun","My Might is increased by the number of cards in your trash. At the start of your Beginning Phase, recycle 3 from your trash.",https://cmsassets.rgpub.io/sanity/images/dsfx7636/game_data_live/cf51fe8bedf5139e8cc1fc062969949ea7b121f0-744x1039.png
ogn-110,Ekko - Recurrent,,,,,,5,5,1,Unit,Rare,Mind,"Ekko, Zaun","[Accelerate] (You may pay 1 energy and 1 mind rune as an additional cost to have me enter ready.) [Deathknell] — Recycle me to ready your runes. (When I die, get the effect.)",https://cmsassets.rgpub.io/sanity/images/dsfx7636/game_data_live/65da19325b6def53d33c07bc1aa8f91fd2f1e723-744x1039.png
ogn-111,Heimerdinger - Inventor,,,,,,3,3,1,Unit,Rare,Mind,"Yordle, Heimerdinger, Piltover","I have all exhaust abilities of all friendly legends, units, and gear.",https://cmsassets.rgpub.io/sanity/images/dsfx7636/game_data_live/5b14a5f9d567c90329c151a8cc72d870b47b1434-744x1039.png
ogn-112,Kai'Sa - Evolutionary,,,,,,6,6,1,Unit,Rare,Mind,"Kai'Sa, The Void","[Ganking] (I can move from battlefield to battlefield.)
ogn-112a,Kai'Sa"," Evolutionary"""
ogn-112a,Kai'Sa - Evolutionary,,,,,,,,,,Alternate Art,Mind,,,
ogn-113,Malzahar - Fanatic,,,,,,,,,,Rare,Mind,,,https://cardtrader.com/uploads/blueprints/image/345297/preview_malzahar-fanatic-origins.jpg
ogn-114,Progress Day,,,,,,6,,1,Spell,Rare,Mind,,Draw 4.,https://cmsassets.rgpub.io/sanity/images/dsfx7636/game_data_live/b15f479a8f29e31b6e4c06cf2d7c8cb8630073ef-744x1039.png
ogn-115,Promising Future,,,,,,5,,1,Spell,Rare,Mind,,"Each player looks at the top 5 cards of their Main Deck, chooses one, then recycles the rest.
ogn-116,Thousand-Tailed Watcher,,,,,,7,7,1,Unit,Rare,Mind,Ionia,[Accelerate] (You may pay 1 energy and 1 mind rune as an additional cost to have me enter ready.) When you play me", give enemy units -3 might this turn
ogn-116,Thousand-Tailed Watcher,,,,,,,,,,Rare,Mind,,,https://cardtrader.com/uploads/blueprints/image/345300/preview_thousand-tailed-watcher-origins.jpg
ogn-117,Viktor - Innovator,,,,,,,,,,Rare,Mind,,,
ogn-117a,Viktor - Innovator,,,,,,4,3,1,Unit,Alternate Art,Mind,"Viktor, Zaun","When you play a card on an opponent's turn, play a 1 might Recruit unit token in your base.",https://cmsassets.rgpub.io/sanity/images/dsfx7636/game_data_live/12dfa6b38edc9b23f216c0a1828474f7506d49c0-744x1039.png
ogn-118,Wraith of Echoes,,,,,,6,5,1,Unit,Rare,Mind,"Spirit, Shadow Isles","The first time a friendly unit dies each turn, draw 1.",https://cmsassets.rgpub.io/sanity/images/dsfx7636/game_data_live/10785ab5267ca3ff2dea081d8d18ba47c3858517-744x1039.png
ogn-119,Ahri - Inquisitive,,,,,,,,,,Epic,Mind,,,
ogn-119a,Ahri - Inquisitive,,,,,,,,,,Alternate Art,Mind,,,
ogn-120,Seal of Insight,,,,,,,,,,Epic,Mind,,,
ogn-121,Teemo - Strategist,,,,,,,,,,Epic,Mind,,,
ogn-121a,Teemo - Strategist,,,,,,,,,,Alternate Art,Mind,,,
ogn-122,Time Warp,,,,,,,,,,Epic,Mind,,,https://cardtrader.com/uploads/blueprints/image/345309/preview_time-wrap-origins.jpg
ogn-123,Unchecked Power,,,,,,,,,,Epic,Mind,,,https://cardtrader.com/uploads/blueprints/image/345310/preview_unchecked-power-origins.jpg
ogn-124,Arena Bar,,,,,,3,,,Gear,Common,Body,,"exhaust: Buff an exhausted friendly unit. (If it doesn't have a buff, it gets a +1 might buff.)",https://cmsassets.rgpub.io/sanity/images/dsfx7636/game_data_live/519306d1d4a36f2d54fe0982268a197a257f5e5d-744x1039.png
ogn-125,Bilgewater Bully,,,,,,6,6,,Unit,Common,Body,Bilgewater,"While I'm buffed, I have [Ganking]. (I can move from battlefield to battlefield.)",https://cmsassets.rgpub.io/sanity/images/dsfx7636/game_data_live/474f66ffa1ecebd9e0341d644cb82a3b8135eece-744x1039.png
ogn-126,Body Rune,,,,,,,,,,Common,Body,,,
ogn-126a,Body Rune,,,,,,,,,Rune,Alternate Art,Body,,,https://cmsassets.rgpub.io/sanity/images/dsfx7636/game_data_live/011081f82cab36f8ec0d6874492512fd7859f59e-1488x2078.png
ogn-127,Cannon Barrage,,,,,,2,,1,Spell,Common,Body,,"[Reaction] (Play any time, even before spells and abilities resolve.) Deal 2 to all enemy units in combat.",https://cmsassets.rgpub.io/sanity/images/dsfx7636/game_data_live/07ef531829e5c6084a8d31044ebd783a9266f59e-744x1039.png
ogn-128,Challenge,,,,,,2,,1,Spell,Common,Body,,[Action] (Play on your turn or in showdowns.) Choose a friendly unit and an enemy unit. They deal damage equal to their Mights to each other.,https://cmsassets.rgpub.io/sanity/images/dsfx7636/game_data_live/f5c1aeaee373c481b7ea2a638cd6f9e815ac105d-744x1039.png
ogn-129,Confront,,,,,,2,,,Spell,Common,Body,,[Action] (Play on your turn or in showdowns.) Units you play this turn enter ready. Draw 1.,https://cmsassets.rgpub.io/sanity/images/dsfx7636/game_data_live/691a38a7c344fdb5ee86e34d41321d99754286a7-744x1039.png
ogn-130,Crackshot Corsair,,,,,,3,3,,Unit,Common,Body,"Pirate, Bilgewater","When I attack, deal 1 to an enemy unit here.",https://cmsassets.rgpub.io/sanity/images/dsfx7636/game_data_live/9106ab084e02d7a489cb351e98112e5833b0bb11-744x1039.png
ogn-131,Dune Drake,,,,,,5,5,,Unit,Common,Body,"Dragon, Shurima","When I attack, give me +2 might if there is a ready enemy unit here.",https://cmsassets.rgpub.io/sanity/images/dsfx7636/game_data_live/ba18bf4a5fa9777a0cb5ae69cc7e6f049bbceaa0-744x1039.png
ogn-132,First Mate,,,,,,3,3,,Unit,Common,Body,"Pirate, Bilgewater","When you play me, ready another unit.",https://cmsassets.rgpub.io/sanity/images/dsfx7636/game_data_live/85e2b436ea482d53563cc5fa955f2a867ee6c32f-744x1039.png
ogn-133,Flurry of Blades,,,,,,1,,,Spell,Common,Body,,"[Reaction] (Play any time, even before spells and abilities resolve.) Deal 1 to all units at battlefields.",https://cmsassets.rgpub.io/sanity/images/dsfx7636/game_data_live/c72f872e7e71b55b2074c5be4f2d7a44fa6fafca-744x1039.png
ogn-134,Mobilize,,,,,,2,,,Spell,Common,Body,,"Channel 1 rune exhausted. If you can't, draw 1.",https://cmsassets.rgpub.io/sanity/images/dsfx7636/game_data_live/cb22153e84ce250192b8e6e75e7f4dc0b66a728c-744x1039.png
ogn-135,Pakaa Cub,,,,,,3,3,,Unit,Common,Body,"Cat, Ixtal",[Hidden] (Hide now for 1 rune of any type to react with later for 0 energy.),https://cmsassets.rgpub.io/sanity/images/dsfx7636/game_data_live/156a66d7d44165367cc5a470fb35c86f337f9429-744x1039.png
ogn-136,Pit Rookie,,,,,,2,2,,Unit,Common,Body,Bilgewater,"When you play me, buff another friendly unit. (If it doesn't have a buff, it gets a +1 might buff.)",https://cmsassets.rgpub.io/sanity/images/dsfx7636/game_data_live/ec19eeaee85c7e5669387a3f6ccb7718f5a0f570-744x1039.png
ogn-137,Stormclaw Ursine,,,,,,7,6,,Unit,Common,Body,Freljord,"[Tank] (I must be assigned combat damage first.) When you play me, channel 1 rune exhausted.",https://cmsassets.rgpub.io/sanity/images/dsfx7636/game_data_live/137e5a1faec1c8b26a5a0abc7802f6461cc725c8-744x1039.png
ogn-138,Catalyst of Aeons,,,,,,4,,,Spell,Uncommon,Body,,"Channel 2 runes exhausted. If you couldn't channel 2 runes this way, draw 1.",https://cmsassets.rgpub.io/sanity/images/dsfx7636/game_data_live/4753707323ab6f9ac572c097f29f2f76ac62f54f-744x1039.png
ogn-139,Cithria of Cloudfield,,,,,,2,1,,Unit,Uncommon,Body,"Elite, Demacia","When you play another unit, buff me. (If I don't have a buff, I get a +1 might buff.)",https://cmsassets.rgpub.io/sanity/images/dsfx7636/game_data_live/6f0931db65e25e0a8d8351ffb97f8deed5dc0aa9-744x1039.png
ogn-140,Herald of Scales,,,,,,4,3,,Unit,Uncommon,Body,Mount Targon,"Your Dragons' Energy costs are reduced by 2 energy, to a minimum of 1 energy.",https://cmsassets.rgpub.io/sanity/images/dsfx7636/game_data_live/be49bceea1d328769774fb4daac4732861f6e4fd-744x1039.png
ogn-141,Kinkou Monk,,,,,,4,4,1,Unit,Uncommon,Body,Ionia,"When you play me, buff two other friendly units. (Each one that doesn't have a buff gets a +1 might buff.)",https://cmsassets.rgpub.io/sanity/images/dsfx7636/game_data_live/648b22c6f419ee55723247bbf4c3ac10f0be9ab5-744x1039.png
ogn-142,Mountain Drake,,,,,,9,10,,Unit,Uncommon,Body,Dragon,,https://cmsassets.rgpub.io/sanity/images/dsfx7636/game_data_live/8a9c1d334b217e9bd0b23dfca2054de4d0b90ff1-744x1039.png
ogn-143,Pirate's Haven,,,,,,3,,,Gear,Uncommon,Body,,"When you ready a friendly unit, give it +1 might this turn.",https://cmsassets.rgpub.io/sanity/images/dsfx7636/game_data_live/1991b64d58cbd3698574f44b404f7a88d6403134-744x1039.png
ogn-144,Spoils of War,,,,,,4,,1,Spell,Uncommon,Body,,"[Reaction] (Play any time, even before spells and abilities resolve.) If an enemy unit has died this turn, this costs 2 energy less. Draw 2.",https://cmsassets.rgpub.io/sanity/images/dsfx7636/game_data_live/b8d59d015d6b8e15822b360447fcb364e14d550f-744x1039.png
ogn-145,Unyielding Spirit,,,,,,1,,1,Spell,Uncommon,Body,,"[Reaction]_ (Play any time, even before spells and abilities resolve.)_ Prevent all spell and ability damage this turn.",https://cmsassets.rgpub.io/sanity/images/dsfx7636/game_data_live/9afea96ec04ce0c2ee76c4affbf4e6df470e7647-744x1039.png
ogn-146,Wallop,,,,,,2,,,Spell,Uncommon,Body,,"[Action] (Play on your turn or in showdowns.) As you play this, you may spend a buff as an additional cost. If you do, ignore this spell's cost. Ready a unit.",https://cmsassets.rgpub.io/sanity/images/dsfx7636/game_data_live/7bbd2eb8ce224e1872a1c920d7c64d796b2355cd-744x1039.png
ogn-147,Wildclaw Shaman,,,,,,4,3,,Unit,Uncommon,Body,Freljord,"When you play me, you may spend a buff to buff me and ready me. (If I don't have a buff, I get a +1 might buff.)",https://cmsassets.rgpub.io/sanity/images/dsfx7636/game_data_live/7abc938fee4ba397f52c8ea60d350857a7517b0c-744x1039.png
ogn-148,Anivia - Primal,,,,,,7,8,2,Unit,Rare,Body,"Bird, Anivia, Freljord","When I attack, deal 3 to all enemy units here.",https://cmsassets.rgpub.io/sanity/images/dsfx7636/game_data_live/ca1a56035333e31b3a04d67ee9131bb4d533e5db-744x1039.png
ogn-149,Carnivorous Snapvine,,,,,,5,6,2,Unit,Rare,Body,Shadow Isles,"When you play me, choose an enemy unit at a battlefield. We deal damage equal to our Mights to each other.",https://cmsassets.rgpub.io/sanity/images/dsfx7636/game_data_live/5ceaec3452d623931b5ac93d0af26b180b9646de-744x1039.png
ogn-150,Kraken Hunter,,,,,,3,5,2,Unit,Rare,Body,"Pirate, Bilgewater","[Accelerate] (You may pay 1 energy and 1 body rune as an additional cost to have me enter ready.)
ogn-151,Lee Sin"," Centered"""
ogn-151,Lee Sin - Centered,,,,,,,,,,Rare,Body,,,
ogn-151a,Lee Sin - Centered,,,,,,6,6,,Unit,Alternate Art,Body,"Lee Sin, Ionia",[Accelerate] (You may pay 1 energy and 1 body rune as an additional cost to have me enter ready.) Other buffed friendly units at my battlefield have +2 might.,https://cmsassets.rgpub.io/sanity/images/dsfx7636/game_data_live/68d9364d3138e06a25724a0aaae0b7226472cd68-744x1039.png
ogn-152,Mistfall,,,,,,3,,,Gear,Rare,Body,,"When you buff a friendly unit, you may pay 1 body rune and exhaust this to ready it.",https://cmsassets.rgpub.io/sanity/images/dsfx7636/game_data_live/1cedf0dcd6c4a44ae867e9f04f9f179d9b91c357-744x1039.png
ogn-153,Overt Operation,,,,,,5,,2,Spell,Rare,Body,,"[Action] (Play on your turn or in showdowns.) For each friendly unit, you may spend its buff to ready it. Then buff all friendly units. (Each one that doesn't have a buff gets a +1 might buff.)",https://cmsassets.rgpub.io/sanity/images/dsfx7636/game_data_live/69dba13c930ba3962851346d2bc6cbeb4ca48455-744x1039.png
ogn-154,Primal Strength,,,,,,4,,1,Spell,Rare,Body,,[Action] (Play on your turn or in showdowns.) Give a unit +7 might this turn.,https://cmsassets.rgpub.io/sanity/images/dsfx7636/game_data_live/dfd910a9836cd36340d0ffdb5fe8cb92a1069963-744x1039.png
ogn-155,Qiyana - Victorious,,,,,,4,4,1,Unit,Rare,Body,"Qiyana, Ixtal","[Deflect] (Opponents must pay 1 rune of any type to choose me with a spell or ability.) When I conquer, draw 1 or channel 1 rune exhausted.",https://cmsassets.rgpub.io/sanity/images/dsfx7636/game_data_live/90d1a07ef0c6c8282e6eee77e479254f50752eb2-744x1039.png
ogn-156,Sabotage,,,,,,1,,1,Spell,Rare,Body,,"Choose an opponent. They reveal their hand. Choose a non-unit card from it, and recycle that card.",https://cmsassets.rgpub.io/sanity/images/dsfx7636/game_data_live/70f186b85fd224ee23dcf64957f0fab835d28040-744x1039.png
ogn-157,Udyr - Wildman,,,,,,6,6,1,Unit,Rare,Body,"Udyr, Freljord",Spend my buff: Choose one you've not chosen this turn — * Deal 2 to a unit at a battlefield. * Stun a unit at a battlefield. * Ready me. * Give me [Ganking] this turn.,https://cmsassets.rgpub.io/sanity/images/dsfx7636/game_data_live/2e461e5d05b5ee86e47a425c42c6f3b3c12bc4cf-744x1039.png
ogn-158,Volibear - Imposing,,,,,,,,,,Rare,Body,,,
ogn-158a,Volibear - Imposing,,,,,,12,10,2,Unit,Alternate Art,Body,"Volibear, Freljord","[Shield 3] (+3 might while I'm a defender.) [Tank] (I must be assigned combat damage first.) When an opponent moves to a battlefield other than mine, draw 1. (Bases are not battlefield.)",https://cmsassets.rgpub.io/sanity/images/dsfx7636/game_data_live/faceb90b6a46e79eadba43871b8cffe1ec5037a7-744x1039.png
ogn-159,Warwick - Hunter,,,,,,6,5,1,Unit,Rare,Body,"Dog, Warwick, Zaun","I enter ready. When I attack, kill all damaged enemy units here.",https://cmsassets.rgpub.io/sanity/images/dsfx7636/game_data_live/fcbf878905001fa81858e9f081346fd05425f264-744x1039.png
ogn-160,Dazzling Aurora,,,,,,9,,2,Gear,Epic,Body,,"At the end of your turn, reveal cards from the top of your Main Deck until you reveal a unit. Play it, ignoring its cost, and recycle the rest.",https://cmsassets.rgpub.io/sanity/images/dsfx7636/game_data_live/c023856a50c75058465f283d181277ce265ba108-744x1039.png
ogn-161,Deadbloom Predator,,,,,,8,8,2,Unit,Epic,Body,Shadow Isles,[Deflect] (Opponents must pay 1 rune of any type to choose me with a spell or ability.) You may play me to an occupied enemy battlefield.,https://cmsassets.rgpub.io/sanity/images/dsfx7636/game_data_live/112b4b3847b26ea2d245ac0976717d109be7b032-744x1039.png
ogn-162,Miss Fortune - Captain,,,,,,5,5,1,Unit,Epic,Body,"Pirate, Miss Fortune, Bilgewater","[Accelerate] (You may pay 1 energy and 1 body rune as an additional cost to have me enter ready.)
ogn-162a,Miss Fortune"," Captain"""
ogn-162a,Miss Fortune - Captain,,,,,,,,,,Alternate Art,Body,,,
ogn-163,Seal of Strength,,,,,,,,,,Epic,Body,,,
ogn-164,Sett - Brawler,,,,,,,,,,Epic,Body,,,
ogn-164a,Sett - Brawler,,,,,,,,,,Alternate Art,Body,,,
ogn-165,Cemetery Attendant,,,,,,3,3,1,Unit,Common,Chaos,"Dog, Shadow Isles","When you play me, return a unit from your trash to your hand.",https://cmsassets.rgpub.io/sanity/images/dsfx7636/game_data_live/6bbbe6923105c53fc6b2a44430db940e009609b6-744x1039.png
ogn-166,Chaos Rune,,,,,,,,,,Common,Chaos,,,
ogn-166a,Chaos Rune,,,,,,,,,Rune,Alternate Art,Chaos,,,https://cmsassets.rgpub.io/sanity/images/dsfx7636/game_data_live/fbcde2f71fcc06fb8afc83855e24447a393f8943-1488x2078.png
ogn-167,Ember Monk,,,,,,4,4,,Unit,Common,Chaos,Bandle City,"When you play a card from [Hidden], give me +2 might this turn.",https://cmsassets.rgpub.io/sanity/images/dsfx7636/game_data_live/0441f70a7acc377d8cbe08559b7a2fc3139c903b-744x1039.png
ogn-168,Fight or Flight,,,,,,2,,,Spell,Common,Chaos,,[Hidden] (Hide now for 1 rune of any type to react with later for 0 energy.) [Action] (Play on your turn or in showdowns.) Move a unit from a battlefield to its base.,https://cmsassets.rgpub.io/sanity/images/dsfx7636/game_data_live/2c3d543ab6c3809f45f3e410d59d376b4bee6de7-744x1039.png
ogn-169,Gust,,,,,,1,,,Spell,Common,Chaos,,"[Reaction] (Play any time, even before spells and abilities resolve.) Return a unit at a battlefield with 3 might or less to its owner's hand.",https://cmsassets.rgpub.io/sanity/images/dsfx7636/game_data_live/dfd3b161ab76ba0c5d503384f1289b3395434b10-744x1039.png
ogn-170,Morbid Return,,,,,,2,,,Spell,Common,Chaos,,[Action] (Play on your turn or in showdowns.) Return a unit from your trash to your hand.,https://cmsassets.rgpub.io/sanity/images/dsfx7636/game_data_live/33b5ca4e580b94f2056bd884a4a35e8c630920a2-744x1039.png
ogn-171,Mystic Poro,,,,,,2,2,,Unit,Common,Chaos,Poro,"[Vision] (When you play me, look at the top card of your Main Deck. You may recycle it.)",https://cmsassets.rgpub.io/sanity/images/dsfx7636/game_data_live/11af57d045768e886d05e1c0933b0d57cb1e459d-744x1039.png
ogn-172,Rebuke,,,,,,2,,2,Spell,Common,Chaos,,[Action] (Play on your turn or in showdowns.) Return a unit at a battlefield to its owner's hand.,https://cmsassets.rgpub.io/sanity/images/dsfx7636/game_data_live/c8e1ad72e9d562f9267c1512f29e9c04dc5cc15f-744x1039.png
ogn-173,Ride the Wind,,,,,,2,,1,Spell,Common,Chaos,,[Action] (Play on your turn or in showdowns.) Move a friendly unit and ready it.,https://cmsassets.rgpub.io/sanity/images/dsfx7636/game_data_live/864d9f8992db7f9a9e795d9438d941ca564ddde7-744x1039.png
ogn-174,Sai Scout,,,,,,6,5,,Unit,Common,Chaos,Shurima,"[Vision] (When you play me, look at the top card of your Main Deck. You may recycle it.) You may play me to an open battlefield.",https://cmsassets.rgpub.io/sanity/images/dsfx7636/game_data_live/eab1fc8c95931519319c4c80681a261d75214c48-744x1039.png
ogn-175,Shipyard Skulker,,,,,,3,3,,Unit,Common,Chaos,"Pirate, Bilgewater",,https://cmsassets.rgpub.io/sanity/images/dsfx7636/game_data_live/000634f32b897638760b82e5365961f6d85bc0cb-744x1039.png
ogn-176,Sneaky Deckhand,,,,,,3,2,,Unit,Common,Chaos,"Pirate, Bilgewater",You may play me to an open battlefield.,https://cmsassets.rgpub.io/sanity/images/dsfx7636/game_data_live/6f95b6aac293d8e477192281df47d8466da502bf-744x1039.png
ogn-177,Stealthy Pursuer,,,,,,4,4,1,Unit,Common,Chaos,Shurima,"When a friendly unit moves from my location, I may be moved with it.",https://cmsassets.rgpub.io/sanity/images/dsfx7636/game_data_live/ab23fd84badd67e9981512acbe6c3e9a8f97f42d-744x1039.png
ogn-178,Undercover Agent,,,,,,5,5,1,Unit,Common,Chaos,,"[Deathknell] — Discard 2, then draw 2. (When I die, get the effect.)",https://cmsassets.rgpub.io/sanity/images/dsfx7636/game_data_live/3e4e318c0cc97b13646ee454da71046a09236e47-744x1039.png
ogn-179,Acceptable Losses,,,,,,1,,,Spell,Uncommon,Chaos,,[Action] (Play on your turn or in showdowns.) Each player kills one of their gear.,https://cmsassets.rgpub.io/sanity/images/dsfx7636/game_data_live/b2b470bab1ae511ab9de0b1ce576e2050532a081-744x1039.png
ogn-180,Fading Memories,,,,,,4,,1,Spell,Uncommon,Chaos,,"Give a unit at a battlefield or a gear [Temporary]. (Kill it at the start of its controller's Beginning Phase, before scoring.)",https://cmsassets.rgpub.io/sanity/images/dsfx7636/game_data_live/a2b366942f1a7ec1f4bd3c1b17e10356214705d7-744x1039.png
ogn-181,Pack of Wonders,,,,,,2,,,Gear,Uncommon,Chaos,,"exhaust: Return another friendly gear, unit, or [Hidden] card to its owner's hand.",https://cmsassets.rgpub.io/sanity/images/dsfx7636/game_data_live/a0830f326c49abe7fb1d3c9787e7ce5d7b776eec-744x1039.png
ogn-182,Scrapheap,,,,,,2,,,Gear,Uncommon,Chaos,,"When this is played, discarded, or killed, draw 1.",https://cmsassets.rgpub.io/sanity/images/dsfx7636/game_data_live/198088dda16a95186a597433c3a62e8d982e666c-744x1039.png
ogn-183,Stacked Deck,,,,,,1,,,Spell,Uncommon,Chaos,,[Action] (Play on your turn or in showdowns.) Look at the top 3 cards of your Main Deck. Put 1 into your hand and recycle the rest.,https://cmsassets.rgpub.io/sanity/images/dsfx7636/game_data_live/fdcb22cb620a4c1c37920d6b744edb615647cbd4-744x1039.png
ogn-184,The Syren,,,,,,2,,,Gear,Uncommon,Chaos,,"1 energy, exhaust: Move a friendly unit at a battlefield to its base.",https://cmsassets.rgpub.io/sanity/images/dsfx7636/game_data_live/cafdd212b542243e10e5fac587616ab77e3d9cf1-744x1039.png
ogn-185,Traveling Merchant,,,,,,2,2,,Unit,Uncommon,Chaos,Bilgewater,"When I move, discard 1, then draw 1.",https://cmsassets.rgpub.io/sanity/images/dsfx7636/game_data_live/b7dbebe2bf5691391c8e4146e478b8bd2ac40aef-744x1039.png
ogn-186,Treasure Trove,,,,,,2,,,Gear,Uncommon,Chaos,,"When this leaves the board, draw 1 and channel 1 rune exhausted. 1 chaos rune, exhaust: Kill this.",https://cmsassets.rgpub.io/sanity/images/dsfx7636/game_data_live/682f5ee828ede4dbaf428cd0666db64ee8bae722-744x1039.png
ogn-187,Whirlwind,,,,,,3,,1,Spell,Uncommon,Chaos,,"Starting with the next player, each player may return a unit to its owner's hand.",https://cmsassets.rgpub.io/sanity/images/dsfx7636/game_data_live/24f5e0a8811b5a0e0930c0f6476600e2a37a5f93-744x1039.png
ogn-188,Zaunite Bouncer,,,,,,4,2,2,Unit,Uncommon,Chaos,Zaun,"When you play me, return another unit at a battlefield to its owner's hand.",https://cmsassets.rgpub.io/sanity/images/dsfx7636/game_data_live/0f4e8258e3920e4a4654cfe74faf8c266f2aa5dd-744x1039.png
ogn-189,Kayn - Unleashed,,,,,,6,6,1,Unit,Rare,Chaos,"Kayn, Ionia","[Ganking] (I can move from battlefield to battlefield.) If I have moved twice this turn, I don't take damage.",https://cmsassets.rgpub.io/sanity/images/dsfx7636/game_data_live/a1ce0e784264748f170bebb3b26a09a7f55efe0f-744x1039.png
ogn-190,Kog'Maw - Caustic,,,,,,3,1,1,Unit,Rare,Chaos,"Kog'Maw, The Void","[Deathknell] — Deal 4 to all units at my battlefield. (When I die, get the effect.)",https://cmsassets.rgpub.io/sanity/images/dsfx7636/game_data_live/1ba2b780619714f2bf97597a180f3b118f4faf55-744x1039.png
ogn-191,Maddened Marauder,,,,,,5,4,,Unit,Rare,Chaos,"Pirate, Bilgewater","[Tank] (I must be assigned combat damage first.) When you play me, move a unit from a battlefield to its base.",https://cmsassets.rgpub.io/sanity/images/dsfx7636/game_data_live/0f3a2ab8e5894e0dd1b625ee29f3304e7832ef9a-744x1039.png
ogn-192,Mindsplitter,,,,,,7,7,2,Unit,Rare,Chaos,"Dragon, Mount Targon","When you play me, choose an opponent. They reveal their hand. Choose a card from it, and they discard that card.",https://cmsassets.rgpub.io/sanity/images/dsfx7636/game_data_live/8753058698cff6455da6cccd13a7fe901a164051-744x1039.png
ogn-193,Miss Fortune - Buccaneer,,,,,,,,,,Rare,Chaos,,,
ogn-193a,Miss Fortune - Buccaneer,,,,,,4,4,1,Unit,Alternate Art,Chaos,"Pirate, Miss Fortune, Bilgewater",You may play me to an open battlefield. Friendly units may be played to open battlefields.,https://cmsassets.rgpub.io/sanity/images/dsfx7636/game_data_live/8fde2eeb516af55b24467569aa982037f5b67b89-744x1039.png
ogn-194,Nocturne - Horrifying,,,,,,4,4,1,Unit,Rare,Chaos,Nocturne,"[Ganking] (I can move from battlefield to battlefield.) When you look at cards from the top of your deck (and don't draw them) and see me, you may play me for 1 rune of any type.",https://cmsassets.rgpub.io/sanity/images/dsfx7636/game_data_live/19a751364bc6eb5297596e8733d0d30a1111ac78-744x1039.png
ogn-195,Rhasa the Sunderer,,,,,,10,6,1,Unit,Rare,Chaos,"Spirit, Shadow Isles",I cost 1 energy less for each card in your trash.,https://cmsassets.rgpub.io/sanity/images/dsfx7636/game_data_live/e34fe8a9ee533dee99f96b4e6677d1edbd6a262d-744x1039.png
ogn-196,Soulgorger,,,,,,8,5,2,Unit,Rare,Chaos,"Spirit, Shadow Isles","When you play me, you may play a unit from your trash, ignoring its Energy cost. (You must still pay its Power cost.)",https://cmsassets.rgpub.io/sanity/images/dsfx7636/game_data_live/439c4fa7c8c47cba41df8bce3fe3c8068d297382-744x1039.png
ogn-197,Teemo - Scout,,,,,,,,,,Rare,Chaos,,,
ogn-197a,Teemo - Scout,,,,,,2,1,,Unit,Alternate Art,Chaos,"Yordle, Teemo, Bandle City","[Hidden] (Hide now for 1 rune of any type to react with later for 0 energy.) When you play me, give me +3 might this turn.",https://cmsassets.rgpub.io/sanity/images/dsfx7636/game_data_live/404a8aa0061b58611bd913b58dd01d99fdb8087d-744x1039.png
ogn-198,The Harrowing,,,,,,6,,2,Spell,Rare,Chaos,,"Play a unit from your trash, ignoring its Energy cost. (You must still pay its Power cost.)",https://cmsassets.rgpub.io/sanity/images/dsfx7636/game_data_live/6914034f56dd50ab37df26e3541c997479bb5a6d-744x1039.png
ogn-199,Tideturner,,,,,,2,2,,Unit,Rare,Chaos,Bilgewater,"[Hidden] (Hide now for 1 rune of any type to react with later for 0 energy.) When you play me, you may choose a unit you control. Move me to its location and it to my original location.",https://cmsassets.rgpub.io/sanity/images/dsfx7636/game_data_live/bad355dba8b32d1fba33dc3924cad6a34b61b5af-744x1039.png
ogn-200,Twisted Fate - Gambler,,,,,,4,4,,Unit,Rare,Chaos,"Twisted Fate, Bilgewater","When I attack, reveal the top rune of your rune deck, then recycle it.
ogn-201,Invert Timelines,,,,,,3,,1,Spell,Epic,Chaos,,Each player discards their hand"," then draws 4."""
ogn-201,Invert Timelines,,,,,,,,,,Epic,Chaos,,,https://cardtrader.com/uploads/blueprints/image/345395/preview_invert-timelines-origins.jpg
ogn-202,Jinx - Rebel,,,,,,,,,,Epic,Chaos,,,
ogn-202a,Jinx - Rebel,,,,,,5,5,1,Unit,Alternate Art,Chaos,"Jinx, Zaun","When you discard one or more cards, ready me and give me +1 might this turn.",https://cmsassets.rgpub.io/sanity/images/dsfx7636/game_data_live/da4c4f96081b4c0e151dba74a0ef6eae338478f0-744x1039.png
ogn-203,Possession,,,,,,8,,3,Spell,Epic,Chaos,,[Action] (Play on your turn or in showdowns.) Choose an enemy unit at a battlefield. Take control of it and recall it. (Send it to your base. This isn't a move.),https://cmsassets.rgpub.io/sanity/images/dsfx7636/game_data_live/f26462174fd01407f25f7d49a70862d2b9af35cc-744x1039.png
ogn-204,Seal of Discord,,,,,,,,,,Epic,Chaos,,,
ogn-205,Yasuo - Windrider,,,,,,,,,,Epic,Chaos,,,
ogn-205a,Yasuo - Windrider,,,,,,,,,,Alternate Art,Chaos,,,
ogn-206,Back to Back,,,,,,3,,,Spell,Common,Order,,"[Reaction] (Play any time, even before spells and abilities resolve.) Give two friendly units each +2 might this turn.",https://cmsassets.rgpub.io/sanity/images/dsfx7636/game_data_live/7f5585dcd3e9c7866e3b99cb169a0404ea4c010f-744x1039.png
ogn-207,Call to Glory,,,,,,3,,,Spell,Common,Order,,"[Reaction] (Play any time, even before spells and abilities resolve.) As you play this, you may spend a buff as an additional cost. If you do, ignore this spell's cost. Give a unit +3 might this turn.",https://cmsassets.rgpub.io/sanity/images/dsfx7636/game_data_live/ced53bc3fb15f263471067fc3868295b09e62a07-744x1039.png
ogn-208,Cruel Patron,,,,,,4,6,,Unit,Common,Order,Noxus,"As an additional cost to play me, kill a friendly unit.",https://cmsassets.rgpub.io/sanity/images/dsfx7636/game_data_live/c1c2c08fa0032a245c1ffee6ba29fff2826bd468-744x1039.png
ogn-209,Cull the Weak,,,,,,2,,1,Spell,Common,Order,,Each player kills one of their units.,https://cmsassets.rgpub.io/sanity/images/dsfx7636/game_data_live/49338a4b31727c6ef50e7dbc54e7004dcd2b6f4c-744x1039.png
ogn-210,Daring Poro,,,,,,2,2,,Unit,Common,Order,Poro,[Assault] (+1 might while I'm an attacker.),https://cmsassets.rgpub.io/sanity/images/dsfx7636/game_data_live/41dee7ec46124c261352595cfbd8a6d38d32b947-744x1039.png
ogn-211,Faithful Manufactor,,,,,,3,2,,Unit,Common,Order,Piltover,"When you play me, play a 1 might Recruit unit token here.",https://cmsassets.rgpub.io/sanity/images/dsfx7636/game_data_live/b41107b7456a2a38d203983b1e504e3789d6b6ea-744x1039.png
ogn-212,Forge of the Future,,,,,,2,,,Gear,Common,Order,,"When you play this, play a 1 might Recruit unit token at your base. Kill this: Recycle up to 4 cards from trashes.",https://cmsassets.rgpub.io/sanity/images/dsfx7636/game_data_live/8e6a76d28590bcd835b0a9a1e806fe0fa6883141-744x1039.png
ogn-213,Hidden Blade,,,,,,2,,1,Spell,Common,Order,,[Hidden] (Hide now for 1 rune of any type to react with later for 0 energy.) [Action] (Play on your turn or in showdowns.) Kill a unit at a battlefield. Its controller draws 2.,https://cmsassets.rgpub.io/sanity/images/dsfx7636/game_data_live/0437ab8a0b67f43ef5483a103bbae9e57fd05822-744x1039.png
ogn-214,Order Rune,,,,,,,,,,Common,Order,,,
ogn-214a,Order Rune,,,,,,,,,Rune,Alternate Art,Order,,,https://cmsassets.rgpub.io/sanity/images/dsfx7636/game_data_live/0e4904221c3bbbfcfde1734bc414dbe97c67e295-1488x2078.png
ogn-215,Petty Officer,,,,,,5,5,,Unit,Common,Order,"Pirate, Bilgewater",[Assault] (+1 might while I'm an attacker.),https://cmsassets.rgpub.io/sanity/images/dsfx7636/game_data_live/29e062c4a38c0be12056568a2f8563557e2611c6-744x1039.png
ogn-216,Soaring Scout,,,,,,2,1,,Unit,Common,Order,"Bird, Freljord","[Deathknell] — Channel 1 rune exhausted. (When I die, get the effect.)",https://cmsassets.rgpub.io/sanity/images/dsfx7636/game_data_live/75b6ce420888035b566c3795cabe0999a9a918b0-744x1039.png
ogn-217,Trifarian Gloryseeker,,,,,,2,2,,Unit,Common,Order,"Trifarian, Noxus","[Legion] — When you play me, buff me. (If I don't have a buff, I get a +1 might buff. Get the effect if you've played another card this turn.)",https://cmsassets.rgpub.io/sanity/images/dsfx7636/game_data_live/19ad6a0e743b56021b9651a2105034a488e172e8-744x1039.png
ogn-218,Vanguard Captain,,,,,,3,3,1,Unit,Common,Order,"Elite, Demacia","[Legion] — When you play me, play two 1 might Recruit unit tokens here. (Get the effect if you've played another card this turn.)",https://cmsassets.rgpub.io/sanity/images/dsfx7636/game_data_live/f0c9ddb2af7a0d4991938cf1e3058eb0f5d2e357-744x1039.png
ogn-219,Vanguard Sergeant,,,,,,4,4,,Unit,Common,Order,"Elite, Demacia",,https://cmsassets.rgpub.io/sanity/images/dsfx7636/game_data_live/6bcff5c718cfcff1c2466bf5e1a2a1ea9a9cf09b-744x1039.png
ogn-220,Facebreaker,,,,,,2,,,Spell,Uncommon,Order,,"[Hidden] (Hide now for 1 rune of any type to react with later for 0 energy.)
ogn-221,Imperial Decree,,,,,,5,,2,Spell,Uncommon,Order,,[Action] (Play on your turn or in showdowns.) When any unit takes damage this turn"," kill it."""
ogn-221,Imperial Decree,,,,,,,,,,Uncommon,Order,,,https://cardtrader.com/uploads/blueprints/image/345418/preview_imperial-decree-origins.jpg
ogn-222,Noxian Drummer,,,,,,3,3,,Unit,Uncommon,Order,"Trifarian, Noxus","When I move to a battlefield, play a 1 might Recruit unit token here. (It is also at the battlefield.)",https://cmsassets.rgpub.io/sanity/images/dsfx7636/game_data_live/45a69adf92b6951c8c8fa974273c22aade312068-744x1039.png
ogn-223,Peak Guardian,,,,,,6,5,1,Unit,Uncommon,Order,Mount Targon,"When you play me, buff me. Then, if I am at a battlefield, buff all other friendly units there. (To buff a unit, give it a +1 might buff if it doesn't already have one.)",https://cmsassets.rgpub.io/sanity/images/dsfx7636/game_data_live/bb56433bc032fd31a957923c43babc48b66db24c-744x1039.png
ogn-224,Salvage,,,,,,2,,1,Spell,Uncommon,Order,,[Action] (Play on your turn or in showdowns.) You may kill a gear. Draw 1.,https://cmsassets.rgpub.io/sanity/images/dsfx7636/game_data_live/9bdbac358e7c9415c1354b6d1f6888dcf9c5519b-744x1039.png
ogn-225,Solari Chief,,,,,,5,4,1,Unit,Uncommon,Order,Mount Targon,"When you play me, choose an enemy unit. If it is stunned, kill it. Otherwise, stun it. (It doesn't deal combat damage this turn.)",https://cmsassets.rgpub.io/sanity/images/dsfx7636/game_data_live/02fd791fdaa7d1c63221655e889fb412de103ca2-744x1039.png
ogn-226,Spectral Matron,,,,,,4,4,2,Unit,Uncommon,Order,"Spirit, Shadow Isles","When you play me, you may play a unit costing no more than 3 energy and no more than 1 rune of any type from your trash, ignoring its cost.",https://cmsassets.rgpub.io/sanity/images/dsfx7636/game_data_live/c8aebd03c8722d485ebfc38774488778c756ff5c-744x1039.png
ogn-227,Symbol of the Solari,,,,,,1,,,Gear,Uncommon,Order,,"If a combat where you are the attacker ends in a tie, recall ALL units instead. (Send them to base. This isn't a move. Ties are calculated after combat damage is dealt.)",https://cmsassets.rgpub.io/sanity/images/dsfx7636/game_data_live/d4f746c396df48623ef8a4df763b5deb47f59339-744x1039.png
ogn-228,Vanguard of Helm,,,,,,,,,,Uncommon,Order,,,https://cardtrader.com/uploads/blueprints/image/345425/preview_vanguard-of-helm-origins.jpg
ogn-229,Vengeance,,,,,,4,,2,Spell,Uncommon,Order,,Kill a unit.,https://cmsassets.rgpub.io/sanity/images/dsfx7636/game_data_live/a21e2ffee47ecdd1575bf48edb8c2a84722cc6b9-744x1039.png
ogn-230,Albus Ferros,,,,,,4,3,,Unit,Rare,Order,Piltover,"When you play me, spend any number of buffs. For each buff spent, channel 1 rune exhausted.",https://cmsassets.rgpub.io/sanity/images/dsfx7636/game_data_live/ec0be8d2a79196b689fccf9ee42ce8baa7e9c35e-744x1039.png
ogn-231,Commander Ledros,,,,,,6,8,4,Unit,Rare,Order,"Spirit, Shadow Isles","As you play me, you may kill any number of friendly units as an additional cost. Reduce my cost by 1 order rune for each killed this way.
ogn-232,Fiora"," Victorious"""
ogn-232,Fiora - Victorious,,,,,,,,,,Rare,Order,,,https://cardtrader.com/uploads/blueprints/image/345429/preview_fiora-victorious-origins.jpg
ogn-233,Grand Strategem,,,,,,6,,3,Spell,Rare,Order,,[Action] (Play on your turn or in showdowns.) Give friendly units +5 might this turn.,https://cmsassets.rgpub.io/sanity/images/dsfx7636/game_data_live/bda7514aefa94ac3f368690cdd2d0f955d44c089-744x1039.png
ogn-234,Harnessed Dragon,,,,,,8,6,2,Unit,Rare,Order,"Dragon, Demacia","When you play me, kill an enemy unit.",https://cmsassets.rgpub.io/sanity/images/dsfx7636/game_data_live/00bc15bc1c2f5b8e6d1713819998df1c04864dcb-744x1039.png
ogn-235,Karma - Channeler,,,,,,,,,,Rare,Order,,,
ogn-236,Karthus - Eternal,,,,,,,,,,Rare,Order,,,https://cardtrader.com/uploads/blueprints/image/345433/preview_karthus-eternal-origins.jpg
ogn-237,King's Edict,,,,,,6,,2,Spell,Rare,Order,,"Starting with the next player, each other player chooses a unit you don't control that hasn't been chosen for this spell. Kill those units.",https://cmsassets.rgpub.io/sanity/images/dsfx7636/game_data_live/ec1b8b98e1ca7a34939322883309c71605bb8bc5-744x1039.png
ogn-238,Leona - Determined,,,,,,,,,,Rare,Order,,,
ogn-238a,Leona - Determined,,,,,,4,4,1,Unit,Alternate Art,Order,"Leona, Mount Targon","[Shield] (+1 might while I'm a defender.) When I attack, stun an enemy unit here. (It doesn't deal combat damage this turn.)",https://cmsassets.rgpub.io/sanity/images/dsfx7636/game_data_live/1ed0250f1d3bbbbde49b3ce1fc2e744e4da64baa-744x1039.png
ogn-239,Machine Evangel,,,,,,5,4,1,Unit,Rare,Order,Piltover,"[Deathknell] — Play three 1 might Recruit unit tokens into your base. (When I die, get the effect.)",https://cmsassets.rgpub.io/sanity/images/dsfx7636/game_data_live/ad15d4ff89548e83dcede9b209b12233652cf3a1-744x1039.png
ogn-240,Sett - Kingpin,,,,,,,,,,Rare,Order,,,
ogn-240a,Sett - Kingpin,,,,,,4,5,1,Unit,Alternate Art,Order,"Sett, Ionia",[Tank] (I must be assigned combat damage first.) I get +1 might for each buffed friendly unit at my battlefield.,https://cmsassets.rgpub.io/sanity/images/dsfx7636/game_data_live/010bbd89c60c57dc508f6b22201d31bb188f84d6-744x1039.png
ogn-241,Shen - Kinkou,,,,,,3,3,1,Unit,Rare,Order,"Shen, Ionia","[Reaction] (Play any time, even before spells and abilities resolve, including to a battlefield you control.)
ogn-242,Baited Hook,,,,,,3,,,Gear,Epic,Order,,1 energy and 1 order rune", exhaust: Kill a friendly unit.
ogn-242,Baited Hook,,,,,,,,,,Epic,Order,,,https://cardtrader.com/uploads/blueprints/image/345441/preview_baited-hook-origins.jpg
ogn-243,Darius - Executioner,,,,,,,,,,Epic,Order,,,
ogn-243a,Darius - Executioner,,,,,,,,,,Alternate Art,Order,,,
ogn-244,Divine Judgment,,,,,,7,,2,Spell,Epic,Order,,"Each player chooses 2 units, 2 gear, 2 runes, and 2 cards in their hands. Recycle the rest.",https://cmsassets.rgpub.io/sanity/images/dsfx7636/game_data_live/995778eea2e24fdc62ade38c2baa25b9f1e6ab79-744x1039.png
ogn-245,Seal of Unity,,,,,,,,,,Epic,Order,,,
ogn-246,Viktor - Leader,,,,,,,,,,Epic,Order,,,
ogn-246a,Viktor - Leader,,,,,,4,4,1,Unit,Alternate Art,Order,"Viktor, Zaun","When another non-Recruit unit you control dies, play a 1 might Recruit unit token into your base.",https://cmsassets.rgpub.io/sanity/images/dsfx7636/game_data_live/19b66f8eccd6d6e9d41048f73e44660f1cf77068-744x1039.png
ogn-247,Kai'Sa - Daughter of the Void,,,,,,,,,,Rare,Fury,,,https://cardtrader.com/uploads/blueprints/image/345448/preview_kai-sa-daughter-of-the-void-origins.jpg
ogn-248,Icathian Rain,,,,,,7,,3,Spell,Epic,Fury,Kai'Sa,Do this 6 times: Deal 2 to a unit. (You can choose different units.),https://cmsassets.rgpub.io/sanity/images/dsfx7636/game_data_live/8df37f633d3da734f3f2d85808a7cb9eadec1b04-744x1039.png
ogn-249,Stormbringer,,,,,,,,,,Epic,Fury,,,https://cardtrader.com/uploads/blueprints/image/345450/preview_volibear-relentless-storm-origins.jpg
ogn-250,Darius - Hand of Noxus,,,,,,6,,2,Spell,Rare,Fury,Volibear,"Choose a friendly unit in your base. Deal damage equal to its Might to all enemy units at a battlefield, then move your unit there.",https://cmsassets.rgpub.io/sanity/images/dsfx7636/game_data_live/d86c4137cc7f77f103cd7d6228125df8cb9a54e1-744x1039.png
ogn-251,Jinx - Loose Cannon,,,,,,,,,,Rare,Fury,,,https://cardtrader.com/uploads/blueprints/image/330881/preview_loose-cannon-jinx-alternate-art-origins.jpg
ogn-252,Super Mega Death Rocket!,,,,,,4,,1,Spell,Epic,Fury,Jinx,"Deal 5 to a unit. When you conquer, you may discard 1 to return this from your trash to your hand.",https://cmsassets.rgpub.io/sanity/images/dsfx7636/game_data_live/95d6fd4d7944e759cfe7ee5e208fa329b719333b-744x1039.png
ogn-254,Noxian Guillotine,,,,,,4,,1,Spell,Epic,Fury,Darius,"[Action]_ (Play on your turn or in showdowns.)_ Choose a unit. Kill it the next time it takes damage this turn.
ogn-255,Nine-Tailed Fox,,,,,,,,,Legend,Rare,Calm"," Mind"""
ogn-255,Ahri - Nine-Tailed Fox,,,,,,,,,,Rare,Calm,,,https://cardtrader.com/uploads/blueprints/image/345454/preview_nine-tailed-fox-origins.jpg
ogn-256,Fox-Fire,,,,,,3,,,Spell,Rare,Calm,Ahri,[Hidden] (Hide now for 1 rune of any type to react with later for 0 energy.) [Action] (Play on your turn or in showdowns.) Kill any number of units at a battlefield with total Might 4 or less.,https://cmsassets.rgpub.io/sanity/images/dsfx7636/game_data_live/7ad9d6a46a1c54080d54950a0044da3a82e32b45-744x1039.png
ogn-257,Lee Sin - Blind Monk,,,,,,,,,,Rare,Calm,,,https://cardtrader.com/uploads/blueprints/image/345456/preview_blind-monk-origins.jpg
ogn-258,Dragon's Rage,,,,,,4,,1,Spell,Epic,Calm,Lee Sin,Move an enemy unit. Then choose another enemy unit at its destination. They deal damage equal to their Mights to each other.,https://cmsassets.rgpub.io/sanity/images/dsfx7636/game_data_live/7f4cbd4fb340cc13b3fbe0ec0db706464d9b29f4-744x1039.png
ogn-259,Yasuo - Unforgiven,,,,,,,,,,Rare,Calm,,,https://cardtrader.com/uploads/blueprints/image/330883/preview_unforgiven-alternate-art-origins.jpg
ogn-260,Last Breath,,,,,,3,,2,Spell,Epic,Calm,Yasuo,[Action] (Play on your turn or in showdowns.) Ready a friendly unit. It deals damage equal to its Might to an enemy unit at a battlefield.,https://cmsassets.rgpub.io/sanity/images/dsfx7636/game_data_live/e7e6dc840210124825f787095541a66ae5cea178-744x1039.png
ogn-261,Leona - Radiant Dawn,,,,,,,,,,Rare,Calm,,,https://cardtrader.com/uploads/blueprints/image/345459/preview_radiant-dawn-origins.jpg
ogn-262,Zenith Blade,,,,,,3,,2,Spell,Epic,Calm,Leona,"[Action] (Play on your turn or in showdowns.) Stun an enemy unit at a battlefield.
ogn-263,Swift Scout,,,,,,,,,Legend,Rare,Mind"," Chaos"""
ogn-263,Teemo - Swift Scout,,,,,,,,,,Rare,Mind,,,https://cardtrader.com/uploads/blueprints/image/345461/preview_swift-scout-origins.jpg
ogn-264,Guerilla Warfare,,,,,,2,,1,Spell,Epic,Mind,Teemo,Return up to two cards with [Hidden] from your trash to your hand. You can hide cards ignoring costs this turn.,https://cmsassets.rgpub.io/sanity/images/dsfx7636/game_data_live/3a1f70e49f1fdbac907a3395f517e96717e8afea-744x1039.png
ogn-265,Viktor - Herald of the Arcane,,,,,,,,,,Rare,Mind,,,https://cardtrader.com/uploads/blueprints/image/330884/preview_herald-of-the-arcane-origins.jpg
ogn-266,Siphon Power,,,,,,2,,1,Spell,Epic,Mind,Viktor,"[Reaction] (Play any time, even before spells and abilities resolve.) Choose a battlefield. Give friendly units there +1 might this turn and enemy units there -1 might this turn, to a minimum of 1 might.",https://cmsassets.rgpub.io/sanity/images/dsfx7636/game_data_live/b449170ba312711c82708d1fea2b044822ce5eaa-744x1039.png
ogn-267,Miss Fortune - Bounty Hunter,,,,,,,,,,Rare,Body,,,https://cardtrader.com/uploads/blueprints/image/345464/preview_bounty-hunter-origins.jpg
ogn-268,Bullet Time,,,,,,1,,,Spell,Epic,Body,Miss Fortune,[Action] (Play on your turn or in showdowns.) Pay any amount of 1 rune of any type to deal that much damage to all enemy units at a battlefield.,https://cmsassets.rgpub.io/sanity/images/dsfx7636/game_data_live/96ed7f6b121a7f46003534393350838efe2776f0-744x1039.png
ogn-269,Sett - The Boss,,,,,,,,,,Rare,Body,,,https://cardtrader.com/uploads/blueprints/image/345466/preview_the-boss-origins.jpg
ogn-270,Showstopper,,,,,,,,,,Epic,Body,,,https://cardtrader.com/uploads/blueprints/image/345467/preview_showstopper-origins.jpg
ogn-271,Recruit,,,,,,,1,,Unit,Token,Colorless,Recruit,,https://cmsassets.rgpub.io/sanity/images/dsfx7636/game_data_live/7c3362dc6e6e6fb724ef31b061a44d2976f5b01f-744x1039.png
ogn-272,Recruit,,,,,,,1,,Unit,Token,Colorless,Recruit,,https://cmsassets.rgpub.io/sanity/images/dsfx7636/game_data_live/c168ca334739090a060710dfc440982c3462ac8c-744x1039.png
ogn-273,Recruit,,,,,,,1,,Unit,Token,Colorless,Recruit,,https://cmsassets.rgpub.io/sanity/images/dsfx7636/game_data_live/d93ec9a524a2989b9d7ef23c6fc02e8ce39959c2-744x1039.png
ogn-274,Sprite,,,,,,,3,,Unit,Token,Colorless,Fae,"[Temporary] (Kill me at the start of your Beginning Phase, before scoring.)",https://cmsassets.rgpub.io/sanity/images/dsfx7636/game_data_live/055892752559d2d3d32e76f491a7a0b540e1a669-744x1039.png
ogn-275,Altar to Unity,,,,,,,,,Battlefield,Uncommon,Colorless,,"When you hold here, play a 1 might Recruit unit token in your base.",https://cmsassets.rgpub.io/sanity/images/dsfx7636/game_data_live/2392529560dc9af72596c6fc65b4c0356bbc44d1-1038x744.png
ogn-276,Aspirant's Climb,,,,,,,,,Battlefield,Uncommon,Colorless,,Increase the points needed to win the game by 1.,https://cmsassets.rgpub.io/sanity/images/dsfx7636/game_data_live/9301593f3800e68427469d38181b578a672473c3-1038x744.png
ogn-277,Back-Alley Bar,,,,,,,,,Battlefield,Uncommon,Colorless,,"When a unit moves from here, give it +1 might this turn.",https://cmsassets.rgpub.io/sanity/images/dsfx7636/game_data_live/3e9f659a32e390b45bc87a01bdd6af4a8a3565f7-1038x744.png
ogn-278,Bandle Tree,,,,,,,,,Battlefield,Uncommon,Colorless,,You may hide an additional card here.,https://cmsassets.rgpub.io/sanity/images/dsfx7636/game_data_live/538f93a34006c4afaddb890cbc75b4db222f1783-1038x744.png
ogn-279,Fortified Position,,,,,,,,,Battlefield,Uncommon,Colorless,,"When you defend here, choose a unit. It gains [Shield 2] this combat. (+2 might while it's a defender.)",https://cmsassets.rgpub.io/sanity/images/dsfx7636/game_data_live/45363bbd907f4f3717868cb04b3cfed814b3bb32-1038x744.png
ogn-280,Grove of the God-Willow,,,,,,,,,Battlefield,Uncommon,Colorless,,"When you hold here, draw 1.",https://cmsassets.rgpub.io/sanity/images/dsfx7636/game_data_live/1574863000ab23d69cbd388a32b1a09f29f78d5f-1038x744.png
ogn-281,Hallowed Tomb,,,,,,,,,Battlefield,Uncommon,Colorless,,"When you hold here, you may return your Chosen Champion from your trash to your Champion Zone if it is empty.",https://cmsassets.rgpub.io/sanity/images/dsfx7636/game_data_live/2f29ea42fb3e1c8ce05d2e82f2a2fe0d45851953-1038x744.png
ogn-282,Monastery of Hirana,,,,,,,,,Battlefield,Uncommon,Colorless,,"When you conquer here, you may spend a buff to draw 1.",https://cmsassets.rgpub.io/sanity/images/dsfx7636/game_data_live/8767d9ed30e2873d3fa1045f973be229da56175d-1038x744.png
ogn-283,Navori Fighting Pit,,,,,,,,,Battlefield,Uncommon,Colorless,,"When you hold here, buff a unit here. (If it doesn't have a buff, it gets a +1 might buff.)",https://cmsassets.rgpub.io/sanity/images/dsfx7636/game_data_live/c03ed3ddf8b764963e4b0745e86a12a5ebcef2a3-1038x744.png
ogn-284,Obelisk of Power,,,,,,,,,Battlefield,Uncommon,Colorless,,"At the start of each player's first Beginning Phase, that player channels 1 rune.",https://cmsassets.rgpub.io/sanity/images/dsfx7636/game_data_live/649437d1dec8abcaae4fbbef64f06b8b679a8c2f-1038x744.png
ogn-285,Reaver's Row,,,,,,,,,Battlefield,Uncommon,Colorless,,"When you defend here, you may move a friendly unit here to base.",https://cmsassets.rgpub.io/sanity/images/dsfx7636/game_data_live/364af10bac81e6ffb8658b0dc0db551608d207ce-1038x744.png
ogn-286,Reckoner's Arena,,,,,,,,,Battlefield,Uncommon,Colorless,,"When you hold here, activate the conquer effects of units here.",https://cmsassets.rgpub.io/sanity/images/dsfx7636/game_data_live/6b7d867487efcbefa8c3d67043a839497ec50388-1038x744.png
ogn-287,Sigil of the Storm,,,,,,,,,Battlefield,Uncommon,Colorless,,"When you conquer here, recycle one of your runes.",https://cmsassets.rgpub.io/sanity/images/dsfx7636/game_data_live/9b795e7a2af421aabc01dc6f35c0b5d547fe3c0e-1038x744.png
ogn-288,Startipped Peak,,,,,,,,,Battlefield,Uncommon,Colorless,,"When you hold here, you may channel 1 rune exhausted.",https://cmsassets.rgpub.io/sanity/images/dsfx7636/game_data_live/05adde1d8ab40e2a2f832a89ac5c9174ee78796f-1038x744.png
ogn-289,Targon's Peak,,,,,,,,,Battlefield,Uncommon,Colorless,,"When you conquer here, ready 2 runes at the end of this turn.",https://cmsassets.rgpub.io/sanity/images/dsfx7636/game_data_live/6ff1b34ad231645910f670496e1662de0b545a44-1038x744.png
ogn-290,The Arena's Greatest,,,,,,,,,Battlefield,Uncommon,Colorless,,"At the start of each player's first Beginning Phase, that player gains 1 point.",https://cmsassets.rgpub.io/sanity/images/dsfx7636/game_data_live/2afd8bdfdd42b1595af0746a6c6b92879ac770d6-1038x744.png
ogn-291,The Candlelit Sanctum,,,,,,,,,Battlefield,Uncommon,Colorless,,"When you conquer here, look at the top two cards of your Main Deck. You may recycle one or both of them. Put those you don't back in any order.",https://cmsassets.rgpub.io/sanity/images/dsfx7636/game_data_live/f14fe78f2b7f3909eadb07bce24bd582e190653d-1038x744.png
ogn-292,The Dreaming Tree,,,,,,,,,Battlefield,Uncommon,Colorless,,"The first time you choose a friendly unit with a spell here each turn, draw 1.",https://cmsassets.rgpub.io/sanity/images/dsfx7636/game_data_live/82a30070a1461db889539b4b4b3c678990e19b6c-1038x744.png
ogn-293,The Grand Plaza,,,,,,,,,Battlefield,Uncommon,Colorless,,"When you hold here, if you have 7+ units here, you win the game.",https://cmsassets.rgpub.io/sanity/images/dsfx7636/game_data_live/f9ca8d04cb269ad99bca7e6dae874cad1bec336a-1038x744.png
ogn-294,Trifarian War Camp,,,,,,,,,Battlefield,Uncommon,Colorless,,Units here have +1 might. (This includes attackers.),https://cmsassets.rgpub.io/sanity/images/dsfx7636/game_data_live/3788cf718e716e35a7fa20ec1dc56991644e6484-1038x744.png
ogn-295,Vilemaw's Lair,,,,,,,,,Battlefield,Uncommon,Colorless,,Units can't move from here to base.,https://cmsassets.rgpub.io/sanity/images/dsfx7636/game_data_live/f374b90a0bec11a5f423e7d4ebd869ab1a146471-1038x744.png
ogn-296,Void Gate,,,,,,,,,Battlefield,Uncommon,Colorless,,Spells and abilities affecting units here each deal 1 Bonus Damage. (Each instance of damage the spell deals is increased by 1.),https://cmsassets.rgpub.io/sanity/images/dsfx7636/game_data_live/14a52a367fd41fd84745e050e62d1f281f733467-1038x744.png
ogn-297,Windswept Hillock,,,,,,,,,Battlefield,Uncommon,Colorless,,Units here have [Ganking]. (They can move from battlefield to battlefield.),https://cmsassets.rgpub.io/sanity/images/dsfx7636/game_data_live/aba557a4053fd76c6aa95b2b907ec682bad70d9f-1038x744.png
ogn-298,Zaun Warrens,,,,,,,,,Battlefield,Uncommon,Colorless,,"When you conquer here, discard 1, then draw 1.",https://cmsassets.rgpub.io/sanity/images/dsfx7636/game_data_live/458ee40086c77b43b98c2decbaf33a4aa2359bb9-1038x744.png
ogn-299,Kai'Sa - Daughter of the Void,,,,,,,,,,Overnumbered,Unknown,,,
ogn-299s,Kai'Sa - Daughter of the Void,,,,,,,,,,Overnumbered,Unknown,,,
ogn-300,Volibear - Relentless Storm,,,,,,,,,,Overnumbered,Unknown,,,
ogn-300s,Volibear - Relentless Storm,,,,,,,,,,Overnumbered,Unknown,,,
ogn-301,Jinx - Loose Cannon,,,,,,,,,,Overnumbered,Unknown,,,
ogn-301s,Jinx - Loose Cannon,,,,,,,,,,Overnumbered,Unknown,,,
ogn-302,Darius - Hand of Noxus,,,,,,,,,,Overnumbered,Unknown,,,
ogn-302s,Darius - Hand of Noxus,,,,,,,,,,Overnumbered,Unknown,,,
ogn-303,Ahri - Nine-Tailed Fox,,,,,,,,,,Overnumbered,Unknown,,,
ogn-303s,Ahri - Nine-Tailed Fox,,,,,,,,,,Overnumbered,Unknown,,,
ogn-304,Lee Sin - Blind Monk,,,,,,,,,,Overnumbered,Unknown,,,
ogn-304s,Lee Sin - Blind Monk,,,,,,,,,,Overnumbered,Unknown,,,
ogn-305,Yasuo - Unforgiven,,,,,,,,,,Overnumbered,Unknown,,,
ogn-305s,Yasuo - Unforgiven,,,,,,,,,,Overnumbered,Unknown,,,
ogn-306,Leona - Radiant Dawn,,,,,,,,,,Overnumbered,Unknown,,,
ogn-306s,Leona - Radiant Dawn,,,,,,,,,,Overnumbered,Unknown,,,
ogn-307,Teemo - Swift Scout,,,,,,,,,,Overnumbered,Unknown,,,
ogn-307s,Teemo - Swift Scout,,,,,,,,,,Overnumbered,Unknown,,,
ogn-308,Viktor - Herald of the Arcane,,,,,,,,,,Overnumbered,Unknown,,,
ogn-308s,Viktor - Herald of the Arcane,,,,,,,,,,Overnumbered,Unknown,,,
ogn-309,Miss Fortune - Bounty Hunter,,,,,,,,,,Overnumbered,Unknown,,,
ogn-309s,Miss Fortune - Bounty Hunter,,,,,,,,,,Overnumbered,Unknown,,,
ogn-310,Sett - The Boss,,,,,,,,,Legend,Overnumbered,Body,Sett,"When a buffed unit you control would die, you may pay 1 rune of any type and exhaust me to spend its buff and recall it exhausted instead. (Send it to base. This isn't a move.)
ogn-310*,The Boss,,,,,,,,,Legend,Showcase,Body"," Order"""
ogn-310s,Sett - The Boss,,,,,,,,,,Overnumbered,Unknown,,,
ogs-001,Annie - Fiery,,,,,,,,,,Alternate Art,Fury,,,https://cardtrader.com/uploads/blueprints/image/344328/preview_annie-fiery-alternate-art-origins.jpg
ogs-002,Firestorm,,,,,,6,,1,Spell,Uncommon,Fury,,Deal 3 to all enemy units at a battlefield.,https://cmsassets.rgpub.io/sanity/images/dsfx7636/game_data_live/a7a34129e64f0296bf2da166c2b06ed156d568db-744x1039.png
ogs-003,Incinerate,,,,,,2,,,Spell,Common,Fury,,[Action]_ (Play on your turn or in showdowns.)_ Deal 2 to a unit at a battlefield.,https://cmsassets.rgpub.io/sanity/images/dsfx7636/game_data_live/46e4eaada1412f9b6c24751bdb3932c6a51e905f-744x1039.png
ogs-004,Master Yi - Medative,,,,,,5,4,1,Unit,Rare,Calm,"Master Yi, Ionia","While you have 8+ runes, I have +4 might.",https://cmsassets.rgpub.io/sanity/images/dsfx7636/game_data_live/5508566c8f05f09492148faa803332a731095eb7-744x1039.png
ogs-005,Zephyr Sage,,,,,,6,6,1,Unit,Uncommon,Calm,"Ionia, Bird",[Shield] (+1 might while I'm a defender.),https://cmsassets.rgpub.io/sanity/images/dsfx7636/game_data_live/7664b03bb107954195153d9f2f86c5d63682fa4b-744x1039.png
ogs-006,Lux - Illuminated,,,,,,6,5,1,Unit,Rare,Mind,"Lux, Demacia","When you play a spell that costs 5 energy or more, give me +3 might this turn.",https://cmsassets.rgpub.io/sanity/images/dsfx7636/game_data_live/a0d10edf30abb6fde21f5d386e9a7db3c1b0a098-744x1039.png
ogs-007,Garen - Rugged,,,,,,6,5,1,Unit,Rare,Body,"Elite, Garen, Demacia","[Assault 2], [Shield 2] (+2 might while I'm an attacker or defender.)",https://cmsassets.rgpub.io/sanity/images/dsfx7636/game_data_live/67c22dc29a7a28dabe0f169a7848c25bef1fbda4-744x1039.png
ogs-008,Gentlemen's Duel,,,,,,6,,1,Spell,Common,Body,,[Action] (Play on your turn or in showdowns.) Give a friendly unit +3 might this turn. Then choose an enemy unit. They deal damage equal to their Mights to each other.,https://cmsassets.rgpub.io/sanity/images/dsfx7636/game_data_live/4568ab827fdcd42d6bb86b1c2de6182e286c9ee9-744x1039.png
ogs-009,Master Yi - Honed,,,,,,7,6,1,Unit,Epic,Body,"Master Yi, Ionia",[Ganking] (I can move from battlefield to battlefield.) I enter ready.,https://cmsassets.rgpub.io/sanity/images/dsfx7636/game_data_live/0e16976cd6d7ee5a874be9351b428671990fbd25-744x1039.png
ogs-010,Annie - Stubborn,,,,,,4,3,1,Unit,Rare,Chaos,"Annie, Noxus","When you play me, return a spell from your trash to your hand.",https://cmsassets.rgpub.io/sanity/images/dsfx7636/game_data_live/44eb968cf0c54e75970588b69eef5c5f5ccc9b24-744x1039.png
ogs-011,Flash,,,,,,2,,,Spell,Common,Chaos,,"[Reaction] (Play any time, even before spells and abilities resolve.) Move up to 2 friendly units to base.",https://cmsassets.rgpub.io/sanity/images/dsfx7636/game_data_live/4d9cc1c13b75933e509e642213f13359350cd3f9-744x1039.png
ogs-012,Blast of Power,,,,,,6,,1,Spell,Common,Order,,[Action] (Play on your turn or in showdowns.) Kill a unit at a battlefield.,https://cmsassets.rgpub.io/sanity/images/dsfx7636/game_data_live/026f851a703601fce4142c0791e913377c170b47-744x1039.png
ogs-013,Garen - Commander,,,,,,6,5,1,Unit,Epic,Order,"Elite, Garen, Demacia",Other friendly units have +1 might here.,https://cmsassets.rgpub.io/sanity/images/dsfx7636/game_data_live/cbf2c12d69a86566e4cda07050b2d4495e40187e-744x1039.png
ogs-014,Lux - Crownguard,,,,,,4,2,,Unit,Epic,Order,"Lux, Demacia",exhaust: [Reaction] — [Add] 2 energy. Use only to play spells. (Abilities that add resources can't be reacted to.),https://cmsassets.rgpub.io/sanity/images/dsfx7636/game_data_live/17d0793ad495727e67bb1c94ae0e11cd4705870f-744x1039.png
ogs-015,Recruit the Vanguard,,,,,,6,,,Spell,Uncommon,Order,,[Action] (Play on your turn or in showdowns.) Play four 1 might Recruit unit tokens. (They can be played to your base or to battlefields you control.),https://cmsassets.rgpub.io/sanity/images/dsfx7636/game_data_live/81d1c47459606f7b627778cce9b5f0e44d80f7fa-744x1039.png
ogs-016,Vanguard Attendant,,,,,,6,5,1,Unit,Common,Order,"Elite, Demacia",I enter ready.,https://cmsassets.rgpub.io/sanity/images/dsfx7636/game_data_live/4ce467c1d51a65ab4fbae918dca38ae90b510844-744x1039.png
ogs-017,Annie - Dark Child,,,,,,,,,Legend,Rare,Fury,Annie,"At the end of your turn, ready 2 runes.",https://cmsassets.rgpub.io/sanity/images/dsfx7636/game_data_live/89963e1d1cffd69c620fb5d6b037f50d5c334463-744x1039.png
ogs-018,Tibbers,,,,,,8,7,2,Unit,Epic,Fury,Annie,"When you play me, deal 3 to all units at battlefields.",https://cmsassets.rgpub.io/sanity/images/dsfx7636/game_data_live/74f8bc78573b33d9979b0e9c121b858d770a490c-744x1039.png
ogs-019,Master Yi - Wuju Bladesman,,,,,,,,,Legend,Rare,Calm,Master Yi,"While a friendly unit defends alone, it gets +2 might.",https://cmsassets.rgpub.io/sanity/images/dsfx7636/game_data_live/8231ced23eaf22ca3bf62ec8cb86b83a3e222da6-744x1039.png
ogs-020,Highlander,,,,,,4,,,Spell,Epic,Calm,Master Yi,"[Reaction] (Play any time, even before spells and abilities resolve.) Choose a friendly unit. The next time it dies this turn, recall it exhausted instead. (Send it to base. This isn't a move.)",https://cmsassets.rgpub.io/sanity/images/dsfx7636/game_data_live/18c0818cbbfdf26a1237b4f7703b1f035f47b014-744x1039.png
ogs-021,Lux - Lady of Luminosity,,,,,,,,,,Rare,Fury,,,https://cardtrader.com/uploads/blueprints/image/344434/preview_lady-of-luminosity-starter-origins-proving-grounds.jpg
ogs-022,Final Spark,,,,,,8,,,Spell,Epic,Mind,Lux,[Action] (Play on your turn or in showdowns.) Deal 8 to a unit.,https://cmsassets.rgpub.io/sanity/images/dsfx7636/game_data_live/4558a2dc1bb1f1b8a73ec0d82244654e84b12687-744x1039.png
ogs-023,Garen - Might of Demacia,,,,,,,,,Legend,Rare,Body,Garen,"When you conquer, if you have 4+ units at that battlefield, draw 2.",https://cmsassets.rgpub.io/sanity/images/dsfx7636/game_data_live/e7185deb46f17770802d06aeddfe3b929afff880-744x1039.png
ogs-024,Decisive Strike,,,,,,5,,1,Spell,Epic,Body,Garen,[Action] (Play on your turn or in showdowns.) Give friendly units +2 might this turn.,https://cmsassets.rgpub.io/sanity/images/dsfx7636/game_data_live/986782271be078c184a8d1c196e375106459c6c5-744x1039.png
ogs-191,Maddened Marauder,,,,,,,,,,Rare,Unknown,,,
ogs-279,Fortified Position,,,,,,,,,,Common,Unknown,,,
ogs-288,Startipped Peak,,,,,,,,,,Common,Unknown,,,
ogs-294,Trifarian War Camp,,,,,,,,,,Common,Unknown,,,
ogs-296,Void Gate,,,,,,,,,,Common,Unknown,,,
sfd-001,Against the Odds,,,,,,,,,,Common,Calm,,,
sfd-002,Armed Assailant,,,,,,,,,,Common,Fury,,,
sfd-003,Blood Rush,,,,,,,,,,Common,Order,,,
sfd-004,Bushwhack,,,,,,,,,,Common,Fury,,,
sfd-005,Detonate,,,,,,,,,,Common,Fury,,,
sfd-006,Eager Drakehound,,,,,,,,,,Common,Fury,,,
sfd-007,Gem Jammer,,,,,,,,,,Common,Fury,,,
sfd-008,Sentinel Adept,,,,,,,,,,Common,Fury,,,
sfd-009,Serrated Dirk,,,,,,,,,,Common,Fury,,,
sfd-010,Void Drone,,,,,,,,,,Common,Fury,,,
sfd-011,Angle Shot,,,,,,,,,,Uncommon,Fury,,,
sfd-012,Battering Ram,,,,,,,,,,Uncommon,Fury,,,
sfd-013,Blast Corps Cadet,,,,,,,,,,Uncommon,Fury,,,
sfd-014,Minotaur Reckoner,,,,,,,,,,Uncommon,Fury,,,
sfd-015,Perched Grimwyrm,,,,,,,,,,Uncommon,Fury,,,
sfd-016,Recurve Bow,,,,,,,,,,Uncommon,Fury,,,
sfd-017,Sudden Storm,,,,,,,,,,Uncommon,Fury,,,
sfd-018,Void Hatchling,,,,,,,,,,Uncommon,Fury,,,
sfd-019,Assembly Rig,,,,,,,,,,Rare,Fury,,,
sfd-020,Draven - Vanquisher,,,,,,,,,,Rare,Fury,,,
sfd-020a,Draven - Vanquisher,,,,,,,,,,Alternate Art,Fury,,,
sfd-021,Ferrous Forerunner,,,,,,,,,,Rare,Fury,,,
sfd-022,Long Sword,,,,,,,,,,Rare,Fury,,,
sfd-023,Piercing Light,,,,,,,,,,Rare,Fury,,,
sfd-024,Rell - Magnetic,,,,,,,,,,Rare,Fury,,,
sfd-025,Rengar - Pouncing,,,,,,,,,,Rare,Fury,,,
sfd-026,Rumble - Hotheaded,,,,,,,,,,Rare,Fury,,,
sfd-026a,Rumble - Hotheaded,,,,,,,,,,Alternate Art,Fury,,,
sfd-027,Dunebreaker,,,,,,,,,,Epic,Fury,,,
sfd-028,Lucian - Gunslinger,,,,,,,,,,Epic,Fury,,,
sfd-028a,Lucian - Gunslinger,,,,,,,,,,Alternate Art,Fury,,,
sfd-029,Rek'Sai - Breacher,,,,,,,,,,Epic,Fury,,,
sfd-029a,Rek'Sai - Breacher,,,,,,,,,,Alternate Art,Fury,,,
sfd-030,Skyfall of Areion,,,,,,,,,,Epic,Fury,,,
sfd-031,Desert's Call,,,,,,,,,,Common,Calm,,,
sfd-032,Disarming Rake,,,,,,,,,,Common,Calm,,,
sfd-033,Doran's Shield,,,,,,,,,,Common,Calm,,,
sfd-034,Feral Strength,,,,,,,,,,Common,Calm,,,
sfd-035,Guardian of the Passage,,,,,,,,,,Common,Calm,,,
sfd-036,Lonely Poro,,,,,,,,,,Common,Calm,,,
sfd-037,Navori Scout,,,,,,,,,,Common,Calm,,,
sfd-038,Ribbon Dancer,,,,,,,,,,Common,Calm,,,
sfd-039,Royal Entourage,,,,,,,,,,Common,Calm,,,
sfd-040,Thwonk!,,,,,,,,,,Common,Calm,,,
sfd-041,Apprentice Smith,,,,,,,,,,Uncommon,Calm,,,
sfd-042,Brutalizer,,,,,,,,,,Uncommon,Calm,,,
sfd-043,Emperor's Divide,,,,,,,,,,Uncommon,Calm,,,
sfd-044,Legion Quartermaster,,,,,,,,,,Uncommon,Calm,,,
sfd-045,Not So Fast,,,,,,,,,,Uncommon,Calm,,,
sfd-046,Poro Snax,,,,,,,,,,Uncommon,Calm,,,
sfd-047,Simian Ancestor,,,,,,,,,,Uncommon,Calm,,,
sfd-048,Stellacorn Herder,,,,,,,,,,Uncommon,Calm,,,
sfd-049,Aphelios - Exalted,,,,,,,,,,Rare,Calm,,,
sfd-050,Azir - Ascendant,,,,,,,,,,Rare,Calm,,,
sfd-050a,Azir - Ascendant,,,,,,,,,,Alternate Art,Calm,,,
sfd-051,Guardian Angel,,,,,,,,,,Rare,Calm,,,
sfd-052,Heart of Dark Ice,,,,,,,,,,Rare,Calm,,,
sfd-053,Janna - Savior,,,,,,,,,,Rare,Calm,,,
sfd-054,Jax - Unmatched,,,,,,,,,,Rare,Calm,,,
sfd-054a,Jax - Unmatched,,,,,,,,,,Alternate Art,Calm,,,
sfd-055,Needlessly Large Yordle,,,,,,,,,,Rare,Calm,,,
sfd-056,Sterak's Gage,,,,,,,,,,Rare,Calm,,,
sfd-057,Irelia - Fervent,,,,,,,,,,Epic,Calm,,,
sfd-057a,Irelia - Fervent,,,,,,,,,,Alternate Art,Calm,,,
sfd-058,Ornn - Blacksmith,,,,,,,,,,Epic,Calm,,,
sfd-058a,Ornn - Blacksmith,,,,,,,,,,Alternate Art,Calm,,,
sfd-059,Svellsongur,,,,,,,,,,Epic,Calm,,,
sfd-060,Tianna Crownguard,,,,,,,,,,Epic,Calm,,,
sfd-061,Aspiring Engineer,,,,,,,,,,Common,Mind,,,
sfd-062,Bubble Bot,,,,,,,,,,Common,Mind,,,
sfd-063,Chemtech Cask,,,,,,,,,,Common,Mind,,,
sfd-064,Cloth Armor,,,,,,,,,,Common,Mind,,,
sfd-065,Forecaster,,,,,,,,,,Common,Mind,,,
sfd-066,Frigid Touch,,,,,,,,,,Common,Mind,,,
sfd-067,Frostcoat Cub,,,,,,,,,,Common,Mind,,,
sfd-068,Gearhead,,,,,,,,,,Common,Mind,,,
sfd-069,Plundering Poro,,,,,,,,,,Common,Mind,,,
sfd-070,Wages of Pain,,,,,,,,,,Common,Mind,,,
sfd-071,Breakneck Mech,,,,,,,,,,Uncommon,Mind,,,
sfd-072,Dropboarder,,,,,,,,,,Uncommon,Mind,,,
sfd-073,Experimental Hexplate,,,,,,,,,,Uncommon,Mind,,,
sfd-074,Pickpocket,,,,,,,,,,Uncommon,Mind,,,
sfd-075,Prize of Progress,,,,,,,,,,Uncommon,Mind,,,
sfd-076,Production Surge,,,,,,,,,,Uncommon,Mind,,,
sfd-077,Rocket Barrage,,,,,,,,,,Uncommon,Mind,,,
sfd-078,Temporal Portal,,,,,,,,,,Uncommon,Mind,,,
sfd-079,Bard - Mercurial,,,,,,,,,,Rare,Mind,,,
sfd-080,Bellows Breath,,,,,,,,,,Rare,Mind,,,
sfd-081,Card Sharp,,,,,,,,,,Rare,Mind,,,
sfd-082,Ezreal - Dashing,,,,,,,,,,Rare,Mind,,,
sfd-082a,Ezreal - Dashing,,,,,,,,,,Alternate Art,Mind,,,
sfd-083,Hextech Anomaly,,,,,,,,,,Rare,Mind,,,
sfd-084,Jayce - Man of Progress,,,,,,,,,,Rare,Mind,,,
sfd-085,Ornn - Forge God,,,,,,,,,,Rare,Mind,,,
sfd-085a,Ornn - Forge God,,,,,,,,,,Alternate Art,Mind,,,
sfd-086,World Atlas,,,,,,,,,,Rare,Mind,,,
sfd-087,Premonition,,,,,,,,,,Epic,Mind,,,
sfd-088,Renata Glasc - Mastermind,,,,,,,,,,Epic,Mind,,,
sfd-088a,Renata Glasc - Mastermind,,,,,,,,,,Alternate Art,Mind,,,
sfd-089,Rumble - Scrapper,,,,,,,,,,Epic,Mind,,,
sfd-089a,Rumble - Scrapper,,,,,,,,,,Alternate Art,Mind,,,
sfd-090,The Zero Drive,,,,,,,,,,Epic,Mind,,,
sfd-091,Buhru Captain,,,,,,,,,,Common,Body,,,
sfd-092,Combat Chef,,,,,,,,,,Common,Body,,,
sfd-093,Dauntless Vanguard,,,,,,,,,,Common,Body,,,
sfd-094,Direwing,,,,,,,,,,Common,Body,,,
sfd-095,Doran's Blade,,,,,,,,,,Common,Body,,,
sfd-096,Laurent Bladekeeper,,,,,,,,,,Common,Body,,,
sfd-097,Punch First,,,,,,,,,,Common,Body,,,
sfd-098,Sea Monkey,,,,,,,,,,Common,Body,,,
sfd-099,Veteran Poro,,,,,,,,,,Common,Body,,,
sfd-100,Yordle Explorer,,,,,,,,,,Common,Body,,,
sfd-101,Fae Dragon,,,,,,,,,,Uncommon,Body,,,
sfd-102,Hexdrinker,,,,,,,,,,Uncommon,Body,,,
sfd-103,Jaull-Fish,,,,,,,,,,Uncommon,Body,,,
sfd-104,Petricite Monument,,,,,,,,,,Uncommon,Body,,,
sfd-105,Ruin Runner,,,,,,,,,,Uncommon,Body,,,
sfd-106,Show of Strength,,,,,,,,,,Uncommon,Body,,,
sfd-107,Strike Down,,,,,,,,,,Uncommon,Body,,,
sfd-108,Warmog's Armor,,,,,,,,,,Uncommon,Body,,,
sfd-109,Akshan - Mischievous,,,,,,,,,,Rare,Body,,,
sfd-110,Fiora - Peerless,,,,,,,,,,Rare,Body,,,
sfd-110a,Fiora - Peerless,,,,,,,,,,Alternate Art,Body,,,
sfd-111,Here to Help,,,,,,,,,,Rare,Body,,,
sfd-112,Kato the Arm,,,,,,,,,,Rare,Body,,,
sfd-113,Lucian - Merciless,,,,,,,,,,Rare,Body,,,
sfd-113a,Lucian - Merciless,,,,,,,,,,Alternate Art,Body,,,
sfd-114,Marching Orders,,,,,,,,,,Rare,Body,,,
sfd-115,Trinity Force,,,,,,,,,,Rare,Body,,,
sfd-116,Yone - Blademaster,,,,,,,,,,Rare,Body,,,
sfd-117,Ancient Henge,,,,,,,,,,Epic,Body,,,
sfd-118,Boneshiver,,,,,,,,,,Epic,Body,,,
sfd-119,Jax - Unrelenting,,,,,,,,,,Epic,Body,,,
sfd-119a,Jax - Unrelenting,,,,,,,,,,Alternate Art,Body,,,
sfd-120,Sivir - Ambitious,,,,,,,,,,Epic,Body,,,
sfd-120a,Sivir - Ambitious,,,,,,,,,,Alternate Art,Body,,,
sfd-121,Black Market Broker,,,,,,,,,,Common,Chaos,,,
sfd-122,Called Shot,,,,,,,,,,Common,Chaos,,,
sfd-123,Corrupt Enforcer,,,,,,,,,,Common,Chaos,,,
sfd-124,Doran's Ring,,,,,,,,,,Common,Chaos,,,
sfd-125,Fae Porter,,,,,,,,,,Common,Chaos,,,
sfd-126,Loyal Pup,,,,,,,,,,Common,Chaos,,,
sfd-127,Master Bingwen,,,,,,,,,,Common,Chaos,,,
sfd-128,Overzealous Fan,,,,,,,,,,Common,Chaos,,,
sfd-129,Temptation,,,,,,,,,,Common,Chaos,,,
sfd-130,Treasure Hunter,,,,,,,,,,Common,Chaos,,,
sfd-131,Ancient Warmonger,,,,,,,,,,Uncommon,Chaos,,,
sfd-132,Beast Below,,,,,,,,,,Uncommon,Chaos,,,
sfd-133,Boots of Swiftness,,,,,,,,,,Uncommon,Chaos,,,
sfd-134,Cull,,,,,,,,,,Uncommon,Chaos,,,
sfd-135,Factory Recall,,,,,,,,,,Uncommon,Chaos,,,
sfd-136,Hard Bargain,,,,,,,,,,Uncommon,Chaos,,,
sfd-137,Harpoon Squad,,,,,,,,,,Uncommon,Chaos,,,
sfd-138,Windsinger,,,,,,,,,,Uncommon,Chaos,,,
sfd-139,Edge of Night,,,,,,,,,,Rare,Chaos,,,
sfd-140,Fizz - Trickster,,,,,,,,,,Rare,Chaos,,,
sfd-141,Irelia - Graceful,,,,,,,,,,Rare,Chaos,,,
sfd-141a,Irelia - Graceful,,,,,,,,,,Alternate Art,Chaos,,,
sfd-142,Jae Medarda,,,,,,,,,,Rare,Chaos,,,
sfd-143,Sivir - Mercenary,,,,,,,,,,Rare,Chaos,,,
sfd-143a,Sivir - Mercenary,,,,,,,,,,Alternate Art,Chaos,,,
sfd-144,Spirit Wheel,,,,,,,,,,Rare,Chaos,,,
sfd-145,Switcheroo,,,,,,,,,,Rare,Chaos,,,
sfd-146,Vex - Cheerless,,,,,,,,,,Rare,Chaos,,,
sfd-147,Downwell,,,,,,,,,,Epic,Chaos,,,
sfd-148,Draven - Audacious,,,,,,,,,,Epic,Chaos,,,
sfd-148a,Draven - Audacious,,,,,,,,,,Alternate Art,Chaos,,,
sfd-149,Ezreal - Prodigy,,,,,,,,,,Epic,Chaos,,,
sfd-149a,Ezreal - Prodigy,,,,,,,,,,Alternate Art,Chaos,,,
sfd-150,Last Rites,,,,,,,,,,Epic,Chaos,,,
sfd-151,Bonds of Strength,,,,,,,,,,Common,Order,,,
sfd-152,Eminent Benefactor,,,,,,,,,,Common,Order,,,
sfd-153,Eye of the Herald,,,,,,,,,,Common,Order,,,
sfd-154,Guards!,,,,,,,,,,Common,Order,,,
sfd-155,Honest Broker,,,,,,,,,,Common,Order,,,
sfd-156,Laurent Duelist,,,,,,,,,,Common,Order,,,
sfd-157,Royal Guard,,,,,,,,,,Common,Order,,,
sfd-158,Sandshifter,,,,,,,,,,Common,Order,,,
sfd-159,Trusty Ramhound,,,,,,,,,,Common,Order,,,
sfd-160,Zaun Punk,,,,,,,,,,Common,Order,,,
sfd-161,B.F. Sword,,,,,,,,,,Uncommon,Order,,,
sfd-162,Blood Money,,,,,,,,,,Uncommon,Order,,,
sfd-163,Deathgrip,,,,,,,,,,Uncommon,Order,,,
sfd-164,Drag Under,,,,,,,,,,Uncommon,Order,,,
sfd-165,Glasc Mixologist,,,,,,,,,,Uncommon,Order,,,
sfd-166,Rally the Troops,,,,,,,,,,Uncommon,Order,,,
sfd-167,Unsung Hero,,,,,,,,,,Uncommon,Order,,,
sfd-168,Vanguard Armory,,,,,,,,,,Uncommon,Order,,,
sfd-169,Altar of Memories,,,,,,,,,,Rare,Order,,,
sfd-170,Rek'Sai - Swarm Queen,,,,,,,,,,Rare,Order,,,
sfd-170a,Rek'Sai - Swarm Queen,,,,,,,,,,Alternate Art,Order,,,
sfd-171,Renata Glasc - Industrialist,,,,,,,,,,Rare,Order,,,
sfd-171a,Renata Glasc - Industrialist,,,,,,,,,,Alternate Art,Order,,,
sfd-172,Sacred Shears,,,,,,,,,,Rare,Order,,,
sfd-173,Soraka - Wanderer,,,,,,,,,,Rare,Order,,,
sfd-174,Trove Golem,,,,,,,,,,Rare,Order,,,
sfd-175,Undertitan,,,,,,,,,,Rare,Order,,,
sfd-176,Xin Zhao - Vigilant,,,,,,,,,,Rare,Order,,,
sfd-177,Azir - Sovereign,,,,,,,,,,Epic,Order,,,
sfd-177a,Azir - Sovereign,,,,,,,,,,Alternate Art,Order,,,
sfd-178,Blade of the Ruined King,,,,,,,,,,Epic,Order,,,
sfd-179,Corina Veraza,,,,,,,,,,Epic,Order,,,
sfd-180,Fiora - Worthy,,,,,,,,,,Epic,Order,,,
sfd-180a,Fiora - Worthy,,,,,,,,,,Alternate Art,Order,,,
sfd-181,Rumble - Mechanized Manace,,,,,,,,,,Rare,Unknown,,,
sfd-182,Danger Zone,,,,,,,,,,Epic,Unknown,,,
sfd-183,Lucian - Purifier,,,,,,,,,,Rare,Unknown,,,
sfd-184,Relentless Pursuit,,,,,,,,,,Epic,Unknown,,,
sfd-185,Draven - Glorious Executioner,,,,,,,,,,Rare,Unknown,,,
sfd-186,Spinning Axe,,,,,,,,,,Epic,Unknown,,,
sfd-187,Rek'Sai - Void Burrower,,,,,,,,,,Rare,Unknown,,,
sfd-188,Void Rush,,,,,,,,,,Epic,Unknown,,,
sfd-189,Ornn - Fire Below the Mountain,,,,,,,,,,Rare,Unknown,,,
sfd-190,Forgefire Cape,,,,,,,,,,Epic,Unknown,,,
sfd-191,Rabadon's Deathcrown,,,,,,,,,,Epic,Unknown,,,
sfd-192,Shurelya's Requiem,,,,,,,,,,Epic,Unknown,,,
sfd-193,Jax - Grandmaster at Arms,,,,,,,,,,Rare,Unknown,,,
sfd-194,Counter Strike,,,,,,,,,,Epic,Unknown,,,
sfd-195,Irelia - Blade Dancer,,,,,,,,,,Rare,Unknown,,,
sfd-196,Defiant Dance,,,,,,,,,,Epic,Unknown,,,
sfd-197,Azir - Emperor of the Sands,,,,,,,,,,Rare,Unknown,,,
sfd-198,Arise!,,,,,,,,,,Epic,Unknown,,,
sfd-199,Ezreal - Prodigal Explorer,,,,,,,,,,Rare,Unknown,,,
sfd-200,Arcane Shift,,,,,,,,,,Epic,Unknown,,,
sfd-201,Renata Glasc - Chem-Baroness,,,,,,,,,,Rare,Unknown,,,
sfd-202,Hostile Takeover,,,,,,,,,,Epic,Unknown,,,
sfd-203,Sivir - Battle Mistress,,,,,,,,,,Rare,Unknown,,,
sfd-204,On the Hunt,,,,,,,,,,Epic,Unknown,,,
sfd-205,Fiora - Grand Duelist,,,,,,,,,,Rare,Unknown,,,
sfd-206,Risposte,,,,,,,,,,Epic,Unknown,,,
sfd-207,Emperor's Dais,,,,,,,,,,Uncommon,Unknown,,,
sfd-208,Forge of the Fluft,,,,,,,,,,Uncommon,Unknown,,,
sfd-209,Forgotten Monument,,,,,,,,,,Uncommon,Unknown,,,
sfd-210,Hall of Legends,,,,,,,,,,Uncommon,Unknown,,,
sfd-211,Marai Spire,,,,,,,,,,Uncommon,Unknown,,,
sfd-212,Minefield,,,,,,,,,,Uncommon,Unknown,,,
sfd-213,Ornn's Forge,,,,,,,,,,Uncommon,Unknown,,,
sfd-214,Power Nexus,,,,,,,,,,Uncommon,Unknown,,,
sfd-215,Ravenbloom Conservatory,,,,,,,,,,Uncommon,Unknown,,,
sfd-216,Rockfall Path,,,,,,,,,,Uncommon,Unknown,,,
sfd-217,Seat of Power,,,,,,,,,,Uncommon,Unknown,,,
sfd-218,Sunken Temple,,,,,,,,,,Uncommon,Unknown,,,
sfd-219,The Papertree,,,,,,,,,,Uncommon,Unknown,,,
sfd-220,Treasure Hoard,,,,,,,,,,Uncommon,Unknown,,,
sfd-221,Veiled Temple,,,,,,,,,,Uncommon,Unknown,,,
sfd-222,Seal of Rage,,,,,,,,,,Overnumbered,Unknown,,,
sfd-223,Vayne - Hunter,,,,,,,,,,Overnumbered,Unknown,,,
sfd-223s,Vayne - Hunter,,,,,,,,,,Overnumbered,Unknown,,,
sfd-224,Aphelios - Exalted,,,,,,,,,,Overnumbered,Unknown,,,
sfd-224s,Aphelios - Exalted,,,,,,,,,,Overnumbered,Unknown,,,
sfd-225,Irelia - Fervent,,,,,,,,,,Overnumbered,Unknown,,,
sfd-225s,Irelia - Fervent,,,,,,,,,,Overnumbered,Unknown,,,
sfd-226,Seal of Focus,,,,,,,,,,,Unknown,,,
sfd-227,Ahri - Inquisitive,,,,,,,,,,Overnumbered,Unknown,,,
sfd-227s,Ahri - Inquisitive,,,,,,,,,,Overnumbered,Unknown,,,
sfd-228,Bard - Mercurial,,,,,,,,,,Overnumbered,Unknown,,,
sfd-228s,Bard - Mercurial,,,,,,,,,,Overnumbered,Unknown,,,
sfd-229,Seal of Insight,,,,,,,,,,Overnumbered,Unknown,,,
sfd-230,Teemo - Strategist,,,,,,,,,,Overnumbered,Unknown,,,
sfd-230s,Teemo - Strategist,,,,,,,,,,Overnumbered,Unknown,,,
sfd-231,Seal of Strength,,,,,,,,,,Overnumbered,Unknown,,,
sfd-232,Sett - Brawler,,,,,,,,,,Overnumbered,Unknown,,,
sfd-232s,Sett - Brawler,,,,,,,,,,Overnumbered,Unknown,,,
sfd-233,Yone - Blademaster,,,,,,,,,,Overnumbered,Unknown,,,
sfd-233s,Yone - Blademaster,,,,,,,,,,Overnumbered,Unknown,,,
sfd-234,Seal of Discord,,,,,,,,,,Overnumbered,Unknown,,,
sfd-235,Yasuo - Windrider,,,,,,,,,,Overnumbered,Unknown,,,
sfd-235s,Yasuo - Windrider,,,,,,,,,,Overnumbered,Unknown,,,
sfd-236,Darius - Executioner,,,,,,,,,,Overnumbered,Unknown,,,
sfd-236s,Darius - Executioner,,,,,,,,,,Overnumbered,Unknown,,,
sfd-237,Karma - Channeler,,,,,,,,,,Overnumbered,Unknown,,,
sfd-237s,Karma - Channeler,,,,,,,,,,Overnumbered,Unknown,,,
sfd-238,Seal of Unity,,,,,,,,,,Overnumbered,Unknown,,,
sfd-239,Soraka - Wanderer,,,,,,,,,,Overnumbered,Unknown,,,
sfd-239s,Soraka - Wanderer,,,,,,,,,,Overnumbered,Unknown,,,
sfd-240,Rumble - Mechanized Manace,,,,,,,,,,Overnumbered,Unknown,,,
sfd-241,Lucian - Purifier,,,,,,,,,,Overnumbered,Unknown,,,
sfd-242,Draven - Glorious Executioner,,,,,,,,,,Overnumbered,Unknown,,,
sfd-243,Rek'Sai - Void Burrower,,,,,,,,,,Overnumbered,Unknown,,,
sfd-244,Ornn - Fire Below the Mountain,,,,,,,,,,Overnumbered,Unknown,,,
sfd-245,Jax - Grandmaster at Arms,,,,,,,,,,Overnumbered,Unknown,,,
sfd-246,Irelia - Blade Dancer,,,,,,,,,,Overnumbered,Unknown,,,
sfd-247,Azir - Emperor of the Sands,,,,,,,,,,Overnumbered,Unknown,,,
sfd-248,Ezreal - Prodigal Explorer,,,,,,,,,,Overnumbered,Unknown,,,
sfd-249,Renata Glasc - Chem-Baroness,,,,,,,,,,Overnumbered,Unknown,,,
sfd-250,Sivir - Battle Mistress,,,,,,,,,,Overnumbered,Unknown,,,
sfd-251,Fiora - Grand Duelist,,,,,,,,,,Overnumbered,Unknown,,,
sfd-T01,Mech,,,,,,,,,,Token,Fury,,,
sfd-T02,Sand Soldier,,,,,,,,,,Token,Fury,,,
sfd-T03,Gold,,,,,,,,,,Token,Fury,,,
